file,review_snapshot,bytes,lines,sha256,purpose,review_method,symbols_or_tests
.env.example,9372caf plus backend audit fixes,1537,54,61e1c2205665999f04ebd9f20dbfadf6fed2e5d47f2dd85a7b384b27ae950a79,Development configuration template and documented production switches,configuration/dependency review,
.github/workflows/ci.yml,9372caf plus backend audit fixes,6325,188,f1f647256c6ac740fed916fe801b47e9da90df028fbf027f10255a79f44ae0eb,"Backend/frontend checks, Stripe contracts, browser suites and codegen drift",configuration/dependency review,
Makefile,9372caf plus backend audit fixes,8502,197,5bc55387cb718f2ff6305be94cd6a64b5c43171e7f6ae13f8110ba5a9f81e48b,"Local orchestration, codegen, lint, tests and destructive demo reseed target",configuration/dependency review,
backend/.python-version,9372caf plus backend audit fixes,5,1,a876e0b10411037a012498b9fe18d9bc1df32ed8b722a13564dc944ddcfd9135,Python 3.14 runtime pin,configuration/dependency review,
backend/alembic.ini,9372caf plus backend audit fixes,889,42,308d87b21e534cf415e6751315d0a1f261c4c2f8338d09f4578968f984818686,Alembic logging and migration path,configuration/dependency review,
backend/migrations/env.py,9372caf plus backend audit fixes,1491,49,3c5301efc61cbf3e64e7634d54f18280c33169b4b52aa28e24940c44999299f6,,DDL/constraint/trigger review; fresh upgrade to head and metadata drift check,_run_migrations; run_async; run_migrations_offline
backend/migrations/script.py.mako,9372caf plus backend audit fixes,579,24,8fd90ae45688f4eff176f543687f04cf5a794d34ab73d0e284d5cf189fe4b31e,Revision scaffolding template,configuration/dependency review,
backend/migrations/versions/20261005_000000_baseline.py,9372caf plus backend audit fixes,85596,2069,886e6784272e6825ebd88383fd9bf497b296d5044a6d01dbec2d940ba24a0cf7,"Baseline schema: every table, constraint, index and ledger trigger as of the squash.",DDL/constraint/trigger review; fresh upgrade to head and metadata drift check,upgrade; downgrade
backend/migrations/versions/20261005_000100_align_pre_squash_databases.py,9372caf plus backend audit fixes,2423,72,75b2efca3ec28a7ea440c2d71a9ec98388a6990eb3b5178039b669978975df77,Bring databases created before the squash in line with the baseline; a no-op on fresh ones.,DDL/constraint/trigger review; fresh upgrade to head and metadata drift check,upgrade; downgrade
backend/migrations/versions/20261007_000000_booking_check_in.py,9372caf plus backend audit fixes,592,24,12a22d71570ba70a5cede205af12e4299eff799eb36a6824ff01ccb6c3f4f4f2,Record when a client checks in for a booking.,DDL/constraint/trigger review; fresh upgrade to head and metadata drift check,upgrade; downgrade
backend/migrations/versions/20261007_000100_staff_name.py,9372caf plus backend audit fixes,682,25,f03e07234f38c0738e8dd68e7aea34d9094220899e908936798a3e0f58746d51,Copy each member's name onto their staff row so it syncs to the team's devices.,DDL/constraint/trigger review; fresh upgrade to head and metadata drift check,upgrade; downgrade
backend/migrations/versions/20261007_000200_order_pickup_times.py,9372caf plus backend audit fixes,747,26,a984ed3668bbf25db7fd1d3bb85092938a8f47f1d3f8a082c88e80f66d27909e,Record when an online order was marked ready and when it was picked up.,DDL/constraint/trigger review; fresh upgrade to head and metadata drift check,upgrade; downgrade
backend/migrations/versions/20261008_000100_catalog_plans_and_stock_costs.py,9372caf plus backend audit fixes,1921,46,1100e1d44003a29c23f46fbe292c5d92fe25adab1372d6b89d10340eebf60d6b,"Plan details on catalog items, and a unit cost and correction reason on stock movements.",DDL/constraint/trigger review; fresh upgrade to head and metadata drift check,upgrade; downgrade
backend/migrations/versions/20261008_000200_invoice_payments_and_estimate_answers.py,9372caf plus backend audit fixes,2202,57,7de7b6a6513c8348df59e292d5369428d1dda8b917d8c333c7e773707c7c3889,"Recorded invoice payments (cheque, reference, cash handed over) and client answers on estimates.",DDL/constraint/trigger review; fresh upgrade to head and metadata drift check,upgrade; downgrade
backend/migrations/versions/20261008_000300_credit_notes_interac_requests_disputes.py,9372caf plus backend audit fixes,2638,71,fc8c29b4a1988518f8bb665eea5f1ba63ff1df3cc3ee966c78952efa5ef7e008,"Credit notes on refunds, Interac request channel and expiry, dispute state, sale numbers.",DDL/constraint/trigger review; fresh upgrade to head and metadata drift check,upgrade; downgrade
backend/migrations/versions/20261008_000400_sales_tips_discounts_receipts.py,9372caf plus backend audit fixes,5757,138,6e0cf21d5cf35b731327b95a2033d2a069919f4aa5e22458b0cac05a6025f46e,"Desk sales: tips, discounts with approval, receipts, held-sale notes, charged visits, pickup lines.",DDL/constraint/trigger review; fresh upgrade to head and metadata drift check,_events; _discount_columns; upgrade; downgrade
backend/migrations/versions/20261008_000500_tax_returns_and_filing_frequency.py,9372caf plus backend audit fixes,1650,60,142937e93b698a30a020e312146ffadea27284bd63a41d04016160935d14483d,"Tax returns per family with input tax credits, and a filing frequency per business.",DDL/constraint/trigger review; fresh upgrade to head and metadata drift check,_categories; upgrade; downgrade
backend/migrations/versions/20261008_001000_client_record.py,9372caf plus backend audit fixes,3547,79,8988c0444681710a46d7beff23126609fd5706bf16652e8171f4b7363557f521,"Client record: preferred channel, archive date, pinned notes, removable pets, card details and consent.",DDL/constraint/trigger review; fresh upgrade to head and metadata drift check,upgrade; downgrade
backend/migrations/versions/20261008_002000_account_settings.py,9372caf plus backend audit fixes,1597,42,5c9c55813e4e46a3d8a58c8509f76500501f8b20dca1a2fce471f8a5b4e13117,"Account settings: setup list dismissal, PST number, invite times, removed members.",DDL/constraint/trigger review; fresh upgrade to head and metadata drift check,upgrade; downgrade
backend/migrations/versions/20261008_003000_messaging_documents.py,9372caf plus backend audit fixes,3347,76,75aea63a7813d49205f07142b01d4ae2276b9570dc70ff4de6ff8d338f2bcdcd,"Messaging and documents: review hold, broadcast counts, consent source, form and signature details.",DDL/constraint/trigger review; fresh upgrade to head and metadata drift check,upgrade; downgrade
backend/migrations/versions/20261008_100000_time_off_and_closures.py,9372caf plus backend audit fixes,2017,49,1694a1e46891f7160eca457d1b5d91736bb9bfe7b179f6e3e9f1e3eae7b4abb8,Store time off and business closures as hours exceptions with a window and a reason.,DDL/constraint/trigger review; fresh upgrade to head and metadata drift check,upgrade; downgrade
backend/migrations/versions/20261008_100100_recurrence_monthly_by.py,9372caf plus backend audit fixes,878,31,15717087fc6bd2983f41839479d35866a63480f739ed9eb68974439fa10570d2,Let a monthly series repeat on the same weekday (the 2nd Tuesday) as well as the same date.,DDL/constraint/trigger review; fresh upgrade to head and metadata drift check,upgrade; downgrade
backend/migrations/versions/20261008_100200_class_waitlist_and_stations.py,9372caf plus backend audit fixes,1986,50,210c62dadd0e44918cb75152fde56940e8f81f474ca5500785d7212df56674bd,Hold a waitlist on class bookings and give rooms and stations a capacity and an on/off switch.,DDL/constraint/trigger review; fresh upgrade to head and metadata drift check,upgrade; downgrade
backend/migrations/versions/20261008_100300_online_booking_policy_and_manage_links.py,9372caf plus backend audit fixes,2153,58,8dc965bcb4329659c17548d60955b51ab7628f7d0beb5d094aa3819c36539a2d,"Online booking rules, client manage links, staff shown online and add-ons offered at booking.",DDL/constraint/trigger review; fresh upgrade to head and metadata drift check,upgrade; downgrade
backend/migrations/versions/20261009_000000_drop_unused_columns.py,9372caf plus backend audit fixes,1731,55,3f98fc4c2eafb2fafe2f9ff32b553aa6aa440a8f7e305c676759da8f925eef31,"Drop columns nothing reads: form targets, contract always-require, message attachments and more.",DDL/constraint/trigger review; fresh upgrade to head and metadata drift check,upgrade; downgrade
backend/migrations/versions/20261009_000100_connect_order_lifecycle.py,concurrent source-only,1537,38,a65c7315c0970d3381c4e0569035100672da206e952bc000e3180347cba74183,Add explicit preparation and pickup preferences for Connect orders.,Concurrent feature source/contract review only; excluded from isolated runtime and migration checks,upgrade; downgrade
backend/migrations/versions/20261009_000200_returning_clients.py,concurrent source-only,1621,41,c6c32184e02e9cc6c30f2f7c3a29c2f7c53e103e144c729525c1f4bc3d63f684,Add server-only returning-client mailbox verification.,Concurrent feature source/contract review only; excluded from isolated runtime and migration checks,upgrade; downgrade
backend/migrations/versions/20261009_000300_connect_variants.py,concurrent source-only,1075,31,89cfdc0c6fd8af651f961d51d48ac29232d99692093b1ec6bfd1b374e085a28f,Group stocked catalogue products as storefront variants.,Concurrent feature source/contract review only; excluded from isolated runtime and migration checks,upgrade; downgrade
backend/pyproject.toml,9372caf plus backend audit fixes,2195,66,2bbf4936c72e925592b303a56db3cf15f68129d78a20ec9ee979e550b0458562,"Runtime/dev dependencies, build, pytest, mypy and coverage policy",configuration/dependency review,
backend/ruff.toml,9372caf plus backend audit fixes,668,18,bfa824ec1e249c0acddb21e56ce0de9e83ac508a5ff4b94d66d5f13e7adeeedd,"Python formatting, lint and per-file exemptions",configuration/dependency review,
backend/scripts/__init__.py,9372caf plus backend audit fixes,0,0,e3b0c44298fc1c149afbf4c8996fb92427ae41e4649b934ca495991b7852b855,Empty package initializer,empty file inspected,
backend/scripts/check_structure.py,9372caf plus backend audit fixes,4117,119,98039319699d0628011a89fb19c8401aeb970b14dad0640d11fadc5dcbd3d794,,script control-flow/side-effect review; fixture data inventory,docstring_problems; comment_block_problems; banner_problems; concepts; naming_problems; layout_problems; comment_problems; main
backend/scripts/connect_links.py,9372caf plus backend audit fixes,5230,147,399ea9666c2591c2b2894c1ad4b970f4c7eb232a047e33bf4014439f4c936f32,"Print a token for each Connect page of the demo business as JSON, minting any a row lacks.",script control-flow/side-effect review; fixture data inventory,_minted; _open_invoice; _form_draft; _pending_signature; main
backend/scripts/demo_assets/it_bath.png,9372caf plus backend audit fixes,10101,,81d30f77fa833a603277ba099dde736ddb64f17f30d3a052a432c6e41831655c,Demo seed image; 512x512 PNG,binary format/dimension and seed-reference inventory,
backend/scripts/demo_assets/it_brush.png,9372caf plus backend audit fixes,9908,,14dc1a57f4854f2b5ccb95382320feaee6567949286f9354e5dfe91566b351a0,Demo seed image; 512x512 PNG,binary format/dimension and seed-reference inventory,
backend/scripts/demo_assets/it_cat.png,9372caf plus backend audit fixes,12811,,9679daf2c500634fdfc9c47481c68918c83a6c7325e4a6dd24c688ec39fbad7d,Demo seed image; 512x512 PNG,binary format/dimension and seed-reference inventory,
backend/scripts/demo_assets/it_daycare.png,9372caf plus backend audit fixes,7496,,dffe7c1839850c06963cb0582c796a04d9557d471e7b2618b8db84d4971b999f,Demo seed image; 512x512 PNG,binary format/dimension and seed-reference inventory,
backend/scripts/demo_assets/it_deshed.png,9372caf plus backend audit fixes,3921,,2a709c1d73fd1a2b6f01b2b27bc519c94860a432d93ee4ed82389ecd9c97f23a,Demo seed image; 512x512 PNG,binary format/dimension and seed-reference inventory,
backend/scripts/demo_assets/it_gift.png,9372caf plus backend audit fixes,6335,,817300c20e99ecd867fb4aa85e1e72f1eedaf565aebeb5bf58ee4292b3376a7c,Demo seed image; 512x512 PNG,binary format/dimension and seed-reference inventory,
backend/scripts/demo_assets/it_groom_lg.png,9372caf plus backend audit fixes,12968,,b33c41968bcb982254fb26d6ce924a4f5d24e1f958f5a4bdb264e4d27e41c835,Demo seed image; 512x512 PNG,binary format/dimension and seed-reference inventory,
backend/scripts/demo_assets/it_groom_sm.png,9372caf plus backend audit fixes,12975,,1703477872806fc7b74a77ec7a453fca4ca15adbe5d369824be1f4bc1ee14b32,Demo seed image; 512x512 PNG,binary format/dimension and seed-reference inventory,
backend/scripts/demo_assets/it_nails.png,9372caf plus backend audit fixes,12477,,f01939fa77ac974d92683cf7687e57b5fe5f0a6a520bffaf07ed50b45127f9cf,Demo seed image; 512x512 PNG,binary format/dimension and seed-reference inventory,
backend/scripts/demo_assets/it_pkg5.png,9372caf plus backend audit fixes,7842,,150ae8bf45ca1ecdd0d8794f4c0606dee2af007009c2325e4675ee3162ab6244,Demo seed image; 512x512 PNG,binary format/dimension and seed-reference inventory,
backend/scripts/demo_assets/it_puppy.png,9372caf plus backend audit fixes,14644,,8c93d637698d654da3d3d075c0ba8fed6b0003d6be6ab1d0262527a11637ba57,Demo seed image; 512x512 PNG,binary format/dimension and seed-reference inventory,
backend/scripts/demo_assets/it_shampoo.png,9372caf plus backend audit fixes,5909,,48a2975daf32ca1008d238dff4e8477a793984b53605805e807aeb128950c635,Demo seed image; 512x512 PNG,binary format/dimension and seed-reference inventory,
backend/scripts/demo_assets/logo-mark.png,9372caf plus backend audit fixes,22905,,96de7f9281f07d07c1b7e2671b15e6707dcb5753f8577942bfdbdf2e3b0efd52,Demo seed image; 512x512 PNG,binary format/dimension and seed-reference inventory,
backend/scripts/demo_assets/logo.png,9372caf plus backend audit fixes,44468,,a514acf07ed60471195a9f36f15d3ad185dccb923f4db8463b6434199b3fcc0b,Demo seed image; 1280x347 PNG,binary format/dimension and seed-reference inventory,
backend/scripts/demo_assets/pet_bandit.png,9372caf plus backend audit fixes,2322,,a13cbddbe1929f3a24f0f2b138150bb185ba277a79abfd4888ea8c60dcac74b6,Demo seed image; 256x256 PNG,binary format/dimension and seed-reference inventory,
backend/scripts/demo_assets/pet_bella.png,9372caf plus backend audit fixes,2303,,25becdee44831056dd248f8db4ab4bc7a2264b14d784fe316f782a4f34623855,Demo seed image; 256x256 PNG,binary format/dimension and seed-reference inventory,
backend/scripts/demo_assets/pet_cooper.png,9372caf plus backend audit fixes,3105,,678f6b0a4a7b18213386c26efc2987c5430e7bae3ccff6bba54273bafe4a31e3,Demo seed image; 256x256 PNG,binary format/dimension and seed-reference inventory,
backend/scripts/demo_assets/pet_kobe.png,9372caf plus backend audit fixes,2321,,7f119d038d76033693a442d325fa0713f7553bd53828fa21549d715ad04efa63,Demo seed image; 256x256 PNG,binary format/dimension and seed-reference inventory,
backend/scripts/demo_assets/pet_luna.png,9372caf plus backend audit fixes,891,,f9fc79ff61b3cc5902fbd5adf3d3ed63d00e38ef8040b6787f4a0be8ee35c2f4,Demo seed image; 256x256 PNG,binary format/dimension and seed-reference inventory,
backend/scripts/demo_assets/pet_maple.png,9372caf plus backend audit fixes,2310,,de46ee54fc39dca893a5eccc15115734d93d6a6d7e0f21f7a09243acbbfd785f,Demo seed image; 256x256 PNG,binary format/dimension and seed-reference inventory,
backend/scripts/demo_assets/pet_miso.png,9372caf plus backend audit fixes,2280,,32158b61024ff571d6ea872543120bc3c03305271f93612afb4d413e7dd8b852,Demo seed image; 256x256 PNG,binary format/dimension and seed-reference inventory,
backend/scripts/demo_assets/pet_mochi.png,9372caf plus backend audit fixes,2222,,a778676c06468ee263c7f4b2231154b388d4ee7f408f5955287749ef0b258ea5,Demo seed image; 256x256 PNG,binary format/dimension and seed-reference inventory,
backend/scripts/demo_assets/pet_pepper.png,9372caf plus backend audit fixes,1795,,b1e1f58c6e2f963c033982ff1e7600fc064e5d6fe9efe01bd557982d5c7c32f8,Demo seed image; 256x256 PNG,binary format/dimension and seed-reference inventory,
backend/scripts/demo_assets/pet_rex.png,9372caf plus backend audit fixes,2198,,78c37643d7fbf2e10b7bed5cc674e2c61c8187299a69a11e23b79f9a517dd45c,Demo seed image; 256x256 PNG,binary format/dimension and seed-reference inventory,
backend/scripts/demo_assets/pet_simba.png,9372caf plus backend audit fixes,3417,,3657aa3bcce55cf2bf5bd71f71f3d5fdb3523c1cf8048dc8be3d5c48a2e8f5db,Demo seed image; 256x256 PNG,binary format/dimension and seed-reference inventory,
backend/scripts/demo_assets/pet_willow.png,9372caf plus backend audit fixes,3465,,01748b4db5ded6888edb79ba380b68afbcc67b3c1c9967749e4a1fc7fa85c236,Demo seed image; 256x256 PNG,binary format/dimension and seed-reference inventory,
backend/scripts/demo_assets/pet_zeus.png,9372caf plus backend audit fixes,1986,,f393969faff30251c8c140f9a45ac23740f5195b91b002df3fb5a6a452c8498d,Demo seed image; 256x256 PNG,binary format/dimension and seed-reference inventory,
backend/scripts/export_openapi.py,9372caf plus backend audit fixes,210,8,7171851dd5d2d8a8e08003103c148b9bb1d11d714666401dad9edc50677e1181,Dump the FastAPI OpenAPI schema to stdout — feeds the TS api-client generator.,script control-flow/side-effect review; fixture data inventory,
backend/scripts/gen_sync_schema.py,9372caf plus backend audit fixes,3533,97,591077ce1748c25198393bfe9cfe44a31de69c893b03577a686651f42c003d60,Generate the PowerSync AppSchema from the models and the tables in sync-rules.yaml.,script control-flow/side-effect review; fixture data inventory,gen_local_table; synced_tables; ps_type; gen_table; main
backend/scripts/seed_demo.py,9372caf plus backend audit fixes,78332,2594,3fc60a5e6f74d8d02ccd2b1902ff750eb6576e312b4a1da3ec888158f1dc6d6a,"Seed the Birchbark Pet Studio demo business, truncating every table first (`make seed`).",script control-flow/side-effect review; fixture data inventory,at; face; seed_identity; seed_items; seed_clients; seed_resources_hours; seed_appointments; _invoice_for; seed_catalog_instances; seed_lapsed_entitlements; seed_online_shop; seed_open_sale; seed_payment_methods; seed_estimates; seed_messaging; seed_documents; seed_reviews; seed_platform; seed_coverage; _demo_fees; _purchase; seed_ledger; _reload; _working_hours; seed_calendar_filler; seed_client_series; seed_dispute; main; upload_demo_assets
backend/scripts/stripe_demo_account.py,9372caf plus backend audit fixes,3097,92,29f6e4744986d7e0358b793c30a7b2cbd1036703692e2726639bfeb308985560,"Connect the demo business to a verified Stripe test account, reused across runs.",script control-flow/side-effect review; fixture data inventory,demo_account_id; connect_demo_business; main
backend/scripts/web_fixtures.py,9372caf plus backend audit fixes,7557,224,148d2b697f50e5309e37933691a81c66c1ad8b247eace9837474a703633ba0a2,"Give the web smoke test a client series, a low-stock product and a dispute, through the API.",script control-flow/side-effect review; fixture data inventory,_has_series; _has_low_stock; _has_dispute; _series_body; _dispute_event; _stripe_signature; main
backend/src/clientbridge/__init__.py,9372caf plus backend audit fixes,0,0,e3b0c44298fc1c149afbf4c8996fb92427ae41e4649b934ca495991b7852b855,Empty package initializer,empty file inspected,
backend/src/clientbridge/api/__init__.py,9372caf plus backend audit fixes,0,0,e3b0c44298fc1c149afbf4c8996fb92427ae41e4649b934ca495991b7852b855,Empty package initializer,empty file inspected,
backend/src/clientbridge/api/auth.py,9372caf plus backend audit fixes,2793,81,cba738cd39644b5d754625c296c86c9220cabd841d411551a30aab7fff79dea7,"HTTP bindings and dependencies: Password/Google authentication, verification, reset and rotating refresh sessions",implementation source and cross-layer contract review,register; login; refresh; logout; accept_invite; forgot_password; reset_password; verify_email; oauth_google
backend/src/clientbridge/api/billing.py,9372caf plus backend audit fixes,6738,209,17c84dafe00a39d2e0e739c404354f31e1300d10625346973af3bb7f81c5549a,"HTTP bindings and dependencies: Invoice and estimate composition, numbering, issuing, answering and conversion",implementation source and cross-layer contract review,create_estimate; update_estimate; send_estimate; accept_estimate; decline_estimate; convert_estimate; create_invoice; create_invoice_for_booking; update_invoice; send_invoice; void_invoice; record_invoice_payment; request_invoice_interac
backend/src/clientbridge/api/bookings.py,9372caf plus backend audit fixes,8543,277,764b7c13de4b19210f7ceca3101addf5eab05c9f2e88db6b09263eee51ca33e2,"HTTP bindings and dependencies: Scheduling, classes, recurrence, time off, deposits and online booking settings",implementation source and cross-layer contract review,create_booking; patch_booking; check_booking_move; booking_reminder; check_in_booking; collect_deposit; remove_booking_addon; create_recurrence; change_recurrence; cancel_recurrence; create_time_off; delete_time_off; add_to_class; update_class_roster; message_class; get_online_booking; update_online_booking; update_addon_offers
backend/src/clientbridge/api/business.py,9372caf plus backend audit fixes,986,24,4a2190b77b0d585f1bed1d6fe1ea68babc0b057d3cdfac27fa587a63745e2777,"HTTP bindings and dependencies: Onboarding, business/tax/brand settings and Stripe Connect account status",implementation source and cross-layer contract review,update_business; onboard
backend/src/clientbridge/api/catalog.py,9372caf plus backend audit fixes,1692,52,d5add225afd9158080b63742b1bcb6a67095bfd0128071be0be6a335b3b69c1f,"HTTP bindings and dependencies: Services, products, packages, subscriptions, gift products, tax classes and stock commands",implementation source and cross-layer contract review,create_item; set_tax_class; update_item; restock_item
backend/src/clientbridge/api/clients.py,9372caf plus backend audit fixes,2675,90,05ed6851df106bb5af770d22b63fec6fb21bd8a86fa81cead6d8354d4f540159,"HTTP bindings and dependencies: Client contact records, consent, archive, bulk tags and guarded merge",implementation source and cross-layer contract review,create_client; archive_clients; tag_clients; update_client; archive_client; restore_client; merge_clients
backend/src/clientbridge/api/consents.py,9372caf plus backend audit fixes,467,12,9f348d7d5eb930d108b9efeaaab04fadeb480cf995290c26687466b733e29001,"HTTP bindings and dependencies: Channel consent history, marketing eligibility, STOP/START and signed preferences",implementation source and cross-layer contract review,export_consents
backend/src/clientbridge/api/contracts.py,9372caf plus backend audit fixes,2267,68,57a48774c52a4335d0cfb1c8a9750c487565508ec3b303185ff4b34511496fc3,"HTTP bindings and dependencies: Contract templates/versions, requests, immutable signed copies and public signatures",implementation source and cross-layer contract review,send_contract; create_contract; publish_contract_version; resend_signature_request
backend/src/clientbridge/api/earnings.py,9372caf plus backend audit fixes,1001,29,fe37e36c9a58e28b159f9de2350f625a1292f8f7549e0e3a8a37320e57580d42,"HTTP bindings and dependencies: Accrual, approval and recorded staff payment from ledger journals",implementation source and cross-layer contract review,approve_earnings; pay_earnings
backend/src/clientbridge/api/entitlements.py,9372caf plus backend audit fixes,3256,95,6bc23e759684e2c5ecb5687619fd68aa89a663e323e4c669c96812638a36f303,"HTTP bindings and dependencies: Package/gift purchase, consumption/redemption, subscription lifecycle and expiry",implementation source and cross-layer contract review,purchase_gift_card; redeem_gift_card; purchase_package; consume_session; create_subscription; cancel_subscription
backend/src/clientbridge/api/files.py,9372caf plus backend audit fixes,528,14,14d2408e0807ec636ccde9c0a462687229497bd9650a29956cc0371c7406f68d,"HTTP bindings and dependencies: Presigned uploads, parent metadata and public logo/catalog media redirects",implementation source and cross-layer contract review,create_file
backend/src/clientbridge/api/forms.py,9372caf plus backend audit fixes,1424,42,02ff7d87a20e1e7f28819113a8a4dbec0e6eecc7d9e1f1432682134ef0cc6d09,"HTTP bindings and dependencies: Question editor, send/resend, public intake responses, uploads and intake job",implementation source and cross-layer contract review,send_form; create_form; update_form
backend/src/clientbridge/api/messaging.py,9372caf plus backend audit fixes,1811,61,e8bb02f280f0dc889959c3461cf75804d7c0155ef15cd9b59e8411caf6f43f58,"HTTP bindings and dependencies: Inbox/thread state, outbound delivery, broadcasts and inbound SMS",implementation source and cross-layer contract review,send_message; send_broadcast; cancel_broadcast; mark_thread_read
backend/src/clientbridge/api/notes.py,9372caf plus backend audit fixes,957,24,5a1b7a35e6360d2e57044c9698d6963c7673d5982c81ec82e01274de87cbc5f0,HTTP bindings and dependencies: Client/subject notes with author permissions and pinning,implementation source and cross-layer contract review,create_note; update_note; delete_note
backend/src/clientbridge/api/notifications.py,9372caf plus backend audit fixes,552,13,ad072d315fb9017eae0425e878d037338f0a0f2edbc70abf6a570616f6723d83,"HTTP bindings and dependencies: Event copy, email/SMS/push dispatch, devices and pruning",implementation source and cross-layer contract review,register
backend/src/clientbridge/api/orders.py,9372caf plus backend audit fixes,4321,146,3fa7a9e31adb84cef95acc9cb9fac5c52a77939b39fd02d0852db7008be5a079,"HTTP bindings and dependencies: POS sale lifecycle, discounts/tips, checkout, receipts, pickup and Terminal",implementation source and cross-layer contract review,held_orders; create_order; update_order; checkout_order; pay_order_cash; send_order_receipt; set_approval_pin; pay_order; void_order; set_order_pickup
backend/src/clientbridge/api/payments.py,9372caf plus backend audit fixes,4871,150,949f33c809b69f1972a2dd5e4cd87f3fc4afc5d766b90201dea2def7e130e908,"HTTP bindings and dependencies: Card/PAD/Interac/manual payments, saved methods, refunds, disputes and provider events",implementation source and cross-layer contract review,onboard; connect_status; setup_card; setup_pad; detach_card; set_default_card; refund_payment; refund_preview; tax_filings; record_remittance; connection_token
backend/src/clientbridge/api/public.py,9372caf plus backend audit fixes,12915,388,653a3d32eb7ce75bec1e330cd048130ae99f526ec5ba2b5a51547279bc7405c9,HTTP bindings and dependencies: Connect booking/manage/pay/shop/estimate/receipt contexts and public commands,implementation source and cross-layer contract review,public_invoice; public_pay_card; public_pay_interac; public_receipt; public_estimate; public_estimate_accept; public_estimate_decline; public_review_context; public_review_submit; public_form_context; public_form_submit; public_form_upload; public_contract_context; public_contract_sign; public_contract_decline; public_preferences; public_preferences_save; public_unsubscribe; public_booking_page; public_booking_slots; public_booking_days; public_book; public_shop; public_shop_order; manage_view; manage_days; manage_slots; manage_reschedule; manage_cancel; public_media
backend/src/clientbridge/api/public_orders.py,concurrent source-only,1266,34,302377be35bdfcdaa305175c603b48aa5dd67cc39b08de2e41fbb1cdf15d2408,"HTTP bindings and dependencies: Bearer order tracking, notification preference and pre-preparation cancellation",Concurrent feature source/contract review only; excluded from isolated runtime and migration checks,order_status; order_alerts; cancel_order
backend/src/clientbridge/api/reports.py,9372caf plus backend audit fixes,3546,105,6f26e889b207d46ce17b444774ac91640e1e54d69491c37d86e09aa9a9ddb0d4,"HTTP bindings and dependencies: Dashboard, income/tax/sales/payees/payouts reports and CSV/ZIP export",implementation source and cross-layer contract review,summary; _csv_response; income_csv; gst_hst; gst_hst_csv; t4a_csv; sales_by_item_csv; report_summary; pst_csv; payouts_csv; export_reports
backend/src/clientbridge/api/returning.py,concurrent source-only,1084,30,40cbc71db80bc4bc02fda9ae24056098b5ad5502c10b1a91fc1909d3c85d5bee,"HTTP bindings and dependencies: Tenant-bound email/SMS verification, short-lived client proof and returning profile",Concurrent feature source/contract review only; excluded from isolated runtime and migration checks,request_returning_code; verify_returning_code
backend/src/clientbridge/api/reviews.py,9372caf plus backend audit fixes,1928,55,d2a576784ec8ba0b5c9e80bb3379e4da5cc052b65eab55d27b034578ed49d19e,"HTTP bindings and dependencies: Review request, public submission, hold/publish/hide/respond and request job",implementation source and cross-layer contract review,request_review; respond_to_review; hide_review; publish_review; share_review
backend/src/clientbridge/api/router.py,9372caf plus backend audit fixes,1960,60,222e1525787554e74ab160283d5aeed1b602087b9af9bab067c6bc4fe7c90aa5,HTTP bindings and dependencies: Mount authenticated versioned API routers,implementation source and cross-layer contract review,
backend/src/clientbridge/api/staff.py,9372caf plus backend audit fixes,2224,69,dce2250c54ea0c74357b1a79c5d4b460a029ac14581c469e58de00fb87d0b6b6,"HTTP bindings and dependencies: Membership, invites, acceptance, roles, removal, pay rates and manager PIN",implementation source and cross-layer contract review,create_invite; update_pay; team; resend_invite; revoke_invite; change_role; remove_member
backend/src/clientbridge/api/subjects.py,9372caf plus backend audit fixes,1047,26,5c4fde725b9ae7840282b641cf65e69bbceb5257f4de0a91c2835073f0e11b37,"HTTP bindings and dependencies: Client pets/subjects, validated attributes and soft deletion",implementation source and cross-layer contract review,create_subject; update_subject; delete_subject
backend/src/clientbridge/api/tax.py,9372caf plus backend audit fixes,514,13,c30ce6b7c7c9eafa7355da8a358994f75b388a0a79099bae2638ae7329c24103,"HTTP bindings and dependencies: Canadian provincial rates, exact decimal calculation and current-setting tax breakdowns",implementation source and cross-layer contract review,list_tax_rates
backend/src/clientbridge/api/webhooks.py,9372caf plus backend audit fixes,3599,98,57e14b9d75548153a9426348934f3c319b07be0c04b3b098a5c97df9e6bc4b38,"HTTP bindings and dependencies: Stripe signature, Interac shared-secret and placeholder SMS webhook entry points",implementation source and cross-layer contract review,stripe_webhook; interac_webhook; sms_webhook
backend/src/clientbridge/core/__init__.py,9372caf plus backend audit fixes,0,0,e3b0c44298fc1c149afbf4c8996fb92427ae41e4649b934ca495991b7852b855,Empty package initializer,empty file inspected,
backend/src/clientbridge/core/command.py,9372caf plus backend audit fixes,2670,86,e8374f7a109274497780976a6171924ba86b398eaee8232979626cfb2bb2d9e3,"The command surface: one atomic, audited, optionally idempotent mutation.",implementation source and cross-layer contract review,Command; run_command; record
backend/src/clientbridge/core/config.py,9372caf plus backend audit fixes,3123,78,40820c188f326f6339228d0490b8488e4f53aa537392b7b760d295ab702fa555,"Environment configuration, defaults and partial production-secret checks",implementation source and cross-layer contract review,Settings; get_settings; _require_prod_secrets
backend/src/clientbridge/core/db.py,9372caf plus backend audit fixes,542,19,497ca18e0e88d45139c47abaf16d5f152e2317896d9fac224134fa261e872c59,"Async engine, declarative metadata and request session lifecycle",implementation source and cross-layer contract review,Base; get_session
backend/src/clientbridge/core/deps.py,9372caf plus backend audit fixes,4159,120,329c6d31c75aea699938a11b722bf0b03fd5ae5da50fbdb09dd11fd37000496b,"Authentication, tenant selection, role checks and integration dependencies",implementation source and cross-layer contract review,get_interac_secret; get_sms_webhook_secret; current_user_id; current_user; Principal; current_principal; is_manager; assert_role; assert_can_act_as
backend/src/clientbridge/core/errors.py,9372caf plus backend audit fixes,2593,102,a45d1fb9a786220796bfb832812bac0c8109055f59c8acb9e44e311c364e9222,Typed API errors and exception response normalization,implementation source and cross-layer contract review,AppError; NotFound; Forbidden; Unauthorized; Conflict; Unprocessable; CardDeclined; PaymentActionRequired; PaymentsNotConfigured; TooManyRequests; app_error_handler; UnhandledErrors; __init__; __init__; __call__; tracked
backend/src/clientbridge/core/ids.py,9372caf plus backend audit fixes,1244,54,62a9b040098307ec0c21a6829a97843f5a7761acca14cb9123f3e00adacc461d,Prefixed-ULID identifiers. See .docs/architecture.md for the prefix catalog.,implementation source and cross-layer contract review,new_id
backend/src/clientbridge/core/ratelimit.py,9372caf plus backend audit fixes,4565,110,1158d5e5e6ac07947714e5855f2524b63ec499a3bd66c900af57362732f45f8a,In-process public rate limits and login/PIN guards,implementation source and cross-layer contract review,RateLimiter; LoginGuard; _client_ip; public_pay_rate_limit; public_review_rate_limit; public_form_rate_limit; public_contract_rate_limit; public_booking_rate_limit; public_prefs_rate_limit; __init__; check; _sweep; __init__; _recent; locked; failed; succeeded
backend/src/clientbridge/core/scoping.py,9372caf plus backend audit fixes,1050,28,afa5205045f82c7ad26810f7a7239f540a370c07eca3aba17644662c5b8cb274,Shared tenant-scoped SELECT/UPDATE/DELETE helpers,implementation source and cross-layer contract review,scoped; scoped_update; scoped_delete
backend/src/clientbridge/core/security.py,9372caf plus backend audit fixes,3173,99,6b3694a83019722bec55ae853dc7e026acd74f4c1831fcd4ea1f65903f6dba44,"Argon2, JWT, RS256/JWKS and token hashing",implementation source and cross-layer contract review,hash_password; verify_password; issue_access_token; hash_token; decode_jwt; issue_powersync_token; _private_key; _b64u; public_jwk; sign_rs256
backend/src/clientbridge/integrations/__init__.py,9372caf plus backend audit fixes,0,0,e3b0c44298fc1c149afbf4c8996fb92427ae41e4649b934ca495991b7852b855,Empty package initializer,empty file inspected,
backend/src/clientbridge/integrations/expo.py,9372caf plus backend audit fixes,1383,51,a6dda9c5c9b051ee06ec4de528494fbcf0669c07e6fa70f4f117d0d535e86792,"Push: the Expo sender, and a console no-op until it is configured.",implementation source and cross-layer contract review,Push; PushSender; ConsolePushSender; ExpoPushSender; get_push_sender; send; send; __init__; send
backend/src/clientbridge/integrations/google.py,9372caf plus backend audit fixes,1858,56,759c76eb1111ad9b02b97cca7f91457f4bb2cfeebac268514b52e6b04c2a933c,OAuth verification adapter (Google).,implementation source and cross-layer contract review,OAuthProfile; OAuthVerifier; GoogleOAuthVerifier; get_oauth_verifier; verify_google; __init__; verify_google; _decode
backend/src/clientbridge/integrations/postmark.py,9372caf plus backend audit fixes,1548,54,a6328fa790551e5e2e7db729f56579ea7e42ed67ba12cd1a022ea8902632cd36,"Email: the Postmark sender, and a console no-op until it is configured.",implementation source and cross-layer contract review,Email; EmailSender; ConsoleEmailSender; PostmarkEmailSender; get_email_sender; send; send; __init__; send
backend/src/clientbridge/integrations/s3.py,9372caf plus backend audit fixes,1856,64,23cf3e500c05d769c60444a8785cd685ba036ab4422923217bc71c6d9c9c1335,"Object storage adapter (S3); presigning is local, so the methods are sync.",implementation source and cross-layer contract review,FileStorage; S3Storage; get_file_storage; presign_upload; presign_download; __init__; presign_upload; presign_download
backend/src/clientbridge/integrations/stripe.py,9372caf plus backend audit fixes,21213,563,9da03bf1407838cd0751e032adaa30367435be69a721f00dbce6cf6b6f60686e,"Stripe Connect adapter: Custom connected accounts, direct charges with an application fee.",implementation source and cross-layer contract review,ConnectAccount; account_status_from; GatewayEvent; PaymentIntentResult; SetupIntentResult; ChargeFees; RefundResult; SubscriptionResult; WebhookVerificationError; PaymentGateway; _keyed; StripeGateway; period_timestamp; _period_of; get_payment_gateway; _list; create_connected_account; create_account_link; get_account; verify_webhook; create_customer; create_setup_intent; create_pad_setup_intent; create_price; create_subscription; cancel_subscription; create_payment_intent; cancel_payment_intent; refund; get_payment_fees; get_invoice_payment_intent; get_balance_cents; detach_payment_method; create_connection_token; create_terminal_location; create_terminal_payment_intent; call; __init__; create_connected_account; create_account_link; get_account; create_customer; create_setup_intent; create_pad_setup_intent; create_price; create_subscription; cancel_subscription; create_payment_intent; cancel_payment_intent; refund; detach_payment_method; get_payment_fees; get_invoice_payment_intent; get_balance_cents; create_connection_token; create_terminal_location; create_terminal_payment_intent; verify_webhook
backend/src/clientbridge/integrations/twilio.py,9372caf plus backend audit fixes,1259,42,1e32081c6100708d56dc21668fbdeb8358cb9128fe88d31b9bbd9f8c37adc9f2,"SMS: the Twilio sender, and a console no-op until it is configured.",implementation source and cross-layer contract review,Sms; SmsSender; ConsoleSmsSender; TwilioSmsSender; get_sms_sender; send; send; __init__; send
backend/src/clientbridge/main.py,9372caf plus backend audit fixes,2106,62,471e997de1bbee9243463fac3e41b71d7998b368545457d6231703e699e324da,"FastAPI app/router wiring, CORS, health and error handlers",implementation source and cross-layer contract review,create_app; health
backend/src/clientbridge/models/__init__.py,9372caf plus backend audit fixes,476,31,e02b2434acbbe0d24e6a03a0ebb89e09fe6e5fd2429ee5c7baae603cc5969412,Register all domain tables for Alembic and metadata,implementation source and cross-layer contract review,
backend/src/clientbridge/models/auth.py,9372caf plus backend audit fixes,1961,48,478a17abee672dae6367841a397889483b20868541329100123ac84669ad82bd,"Tables, indexes and constraints: Password/Google authentication, verification, reset and rotating refresh sessions",implementation source and cross-layer contract review,AuthSession; AuthToken
backend/src/clientbridge/models/base.py,9372caf plus backend audit fixes,1176,35,6dd5a21b86c70645277226547aa3a0878472b4ef65e4eead1358b57aa2f7c454,"Tables, indexes and constraints: ID, timestamp, tenant and soft-delete mixins plus CHECK helper",implementation source and cross-layer contract review,PKMixin; TimestampMixin; BusinessScoped; SoftDelete; enum_check
backend/src/clientbridge/models/billing.py,9372caf plus backend audit fixes,8785,172,689f992367359b5f0246e4e93197eda61535af73ac585aa52062cced10131320,"Tables, indexes and constraints: Invoice and estimate composition, numbering, issuing, answering and conversion",implementation source and cross-layer contract review,Discounted; discount_check; Invoice; Estimate; Order; Line
backend/src/clientbridge/models/business.py,9372caf plus backend audit fixes,6325,126,b4d99b551468858f2a35ee957025d6bfe3cad10921262f8e2c1322e1bd496f2c,"Tables, indexes and constraints: Onboarding, business/tax/brand settings and Stripe Connect account status",implementation source and cross-layer contract review,Business; User; Staff
backend/src/clientbridge/models/catalog.py,9372caf plus backend audit fixes,8710,179,36a28f89be1cad31e110f72788b53643683a18690bc6907702ac2c2cc70465a4,"Tables, indexes and constraints: Services, products, packages, subscriptions, gift products, tax classes and stock commands",implementation source and cross-layer contract review,Item; Package; Subscription; GiftCard; StockMovement
backend/src/clientbridge/models/clients.py,9372caf plus backend audit fixes,4132,95,46a2b35e1ec72a2f1b847bb0330d9c13f8edeb2838b477ff4e7adaac76a29c0b,"Tables, indexes and constraints: Client contact records, consent, archive, bulk tags and guarded merge",implementation source and cross-layer contract review,Client; Subject; Note; Consent
backend/src/clientbridge/models/documents.py,9372caf plus backend audit fixes,5218,117,66e9ba7e3e0d0568d0db53e43487b602d342ce502b85d121ff0b49ecf4ebb2cd,"Tables, indexes and constraints: Form, question, response, contract and signature persistence",implementation source and cross-layer contract review,Form; FormField; FormResponse; Contract; Signature
backend/src/clientbridge/models/ledger.py,9372caf plus backend audit fixes,3900,111,a9aab269e3132b9dd32927223bc48d282b92832f5f86d758256bfba6a932853a,"Tables, indexes and constraints: Balanced append-only journals, balances, financial posting rules and reconciliation job",implementation source and cross-layer contract review,Account; Entry
backend/src/clientbridge/models/messaging.py,9372caf plus backend audit fixes,3055,65,36fb7426dc615dc16086b33534cdc1de323b6ec9f248ae6ca0b536682e7db14d,"Tables, indexes and constraints: Inbox/thread state, outbound delivery, broadcasts and inbound SMS",implementation source and cross-layer contract review,Thread; Message; Broadcast
backend/src/clientbridge/models/payments.py,9372caf plus backend audit fixes,5881,113,748fa1bb7aee0de85a88a58aeb788320008aa53994f99b2ad574f41fea6f3728,"Tables, indexes and constraints: Card/PAD/Interac/manual payments, saved methods, refunds, disputes and provider events",implementation source and cross-layer contract review,Payment; PaymentMethod
backend/src/clientbridge/models/platform.py,9372caf plus backend audit fixes,3935,91,e1bd1772ca64fa5e7119e1275b9ac7c6952f02777123aabb15f442f7a391bce5,"Tables, indexes and constraints: Audit, idempotency response, webhook, device and file persistence",implementation source and cross-layer contract review,File; Audit; Webhook; Device; IdempotencyKey
backend/src/clientbridge/models/returning.py,concurrent source-only,1395,29,31dbb2a2bb32e723e9ab373c2760c029f49ff0c72789bfc7a08ec243671c8243,"Tables, indexes and constraints: Tenant-bound email/SMS verification, short-lived client proof and returning profile",Concurrent feature source/contract review only; excluded from isolated runtime and migration checks,ReturningChallenge
backend/src/clientbridge/models/reviews.py,9372caf plus backend audit fixes,2347,57,3238762fd26f220799e0a532d54f27ae112d6a5b48ba415e2a8d02d81f5241c0,"Tables, indexes and constraints: Review request, public submission, hold/publish/hide/respond and request job",implementation source and cross-layer contract review,Review
backend/src/clientbridge/models/scheduling.py,9372caf plus backend audit fixes,8853,182,f48bf6ccef694abe89bd8ad5eda92f27c077abf40ded3aa377820ac47b3f3462,"Tables, indexes and constraints: Hours, resources, slots, recurrence, booking and add-on persistence",implementation source and cross-layer contract review,Slot; Booking; Hours; Resource; Recurrence; Addon
backend/src/clientbridge/schemas/__init__.py,9372caf plus backend audit fixes,0,0,e3b0c44298fc1c149afbf4c8996fb92427ae41e4649b934ca495991b7852b855,Request/response DTOs and validation: __init__,empty file inspected,
backend/src/clientbridge/schemas/auth.py,9372caf plus backend audit fixes,681,45,26a289d38e872d0527675379e524c9e2e1d36551b3529ba71a18df1975ed0765,"Request/response DTOs and validation: Password/Google authentication, verification, reset and rotating refresh sessions",implementation source and cross-layer contract review,RegisterBody; LoginBody; RefreshBody; TokenPair; AcceptInviteBody; ForgotPasswordBody; ResetPasswordBody; VerifyEmailBody; OAuthGoogleBody
backend/src/clientbridge/schemas/billing.py,9372caf plus backend audit fixes,5118,175,9c5b6d3dc11e89f15d88fc72b9f2fad8105cb85c6a780eb2e71504bf15e791d1,"Request/response DTOs and validation: Invoice and estimate composition, numbering, issuing, answering and conversion",implementation source and cross-layer contract review,DiscountIn; LineInput; LineOut; InvoiceCreate; InvoiceUpdate; InvoiceOut; EstimateCreate; EstimateUpdate; EstimateOut; EstimateDecline; PublicEstimateLine; PublicEstimate; PublicEstimateAccept; PublicEstimateDecline; _percent_at_most_100
backend/src/clientbridge/schemas/bookings.py,9372caf plus backend audit fixes,9441,290,fed908048c9ac454f78363e8b8eacd6693a68fc1923c29ed1a6f621caaa45e23,"Request/response DTOs and validation: Scheduling, classes, recurrence, time off, deposits and online booking settings",implementation source and cross-layer contract review,BookingCreate; BookingMove; BookingPatch; BookingCheck; ReminderPreview; TimeOffCreate; TimeOffOut; BookingOut; DepositOut; RecurrenceOccurrence; RecurrenceException; RecurrenceCreate; RecurrenceChange; RecurrenceChangeOut; RecurrenceCancel; RecurrenceCancelOut; RecurrenceOut; RosterAdd; RosterAction; RosterEntry; ClassMessage; ClassMessageOut; BookingPolicy; BookingPolicyPatch; OnlineService; OnlineStaff; OnlineBookingOut; OnlineBookingPatch; AddonOffer; AddonOffersPatch; AddonOffersOut; _shift_has_a_time
backend/src/clientbridge/schemas/business.py,9372caf plus backend audit fixes,4707,144,d594184104f863eb84972f76dec68e88d96d3a6e729a671fd6b89ac7cc8a8d16,"Request/response DTOs and validation: Onboarding, business/tax/brand settings and Stripe Connect account status",implementation source and cross-layer contract review,OnboardBody; BusinessOut; BrandInput; BusinessSettingsUpdate; _check_logo; _check_primary; _check_tagline; _check_google; _tax_number; _check_gst; _check_qst; _check_pst
backend/src/clientbridge/schemas/catalog.py,9372caf plus backend audit fixes,4809,127,8f1d9867f7ec8db1d5371bf999772b0ff07161243bea9c35e81f46dc002fc7a4,"Request/response DTOs and validation: Services, products, packages, subscriptions, gift products, tax classes and stock commands",implementation source and cross-layer contract review,ItemBase; ItemCreate; ItemUpdate; ItemOut; RestockIn; TaxClassChange; TaxClassResult; _not_zero
backend/src/clientbridge/schemas/clients.py,9372caf plus backend audit fixes,2028,73,69465523fdce7bbf17e633bef29a64ec4e30577b4d7b8786f4005f238a9b1620,"Request/response DTOs and validation: Client contact records, consent, archive, bulk tags and guarded merge",implementation source and cross-layer contract review,ClientBase; FirstSubject; ClientCreate; ClientUpdate; ClientOut; ClientIds; ClientTags; BulkResult; ClientMerge
backend/src/clientbridge/schemas/consents.py,9372caf plus backend audit fixes,912,31,6d044b2ce7e5297522e1cae794fd6b3164e461cdd2431c6845a4cbf998d5c767,"Request/response DTOs and validation: Channel consent history, marketing eligibility, STOP/START and signed preferences",implementation source and cross-layer contract review,ConsentExport; PublicPreferences; PublicPreferencesUpdate; PublicUnsubscribe
backend/src/clientbridge/schemas/contracts.py,9372caf plus backend audit fixes,1688,65,7b7859b3e3797b18708500d341a56928acf766e44cebcacd57c35dec0bb96958,"Request/response DTOs and validation: Contract templates/versions, requests, immutable signed copies and public signatures",implementation source and cross-layer contract review,ContractSend; SignatureOut; PublicContractContext; PublicContractSign; ContractCreate; ContractVersionCreate; ContractOut
backend/src/clientbridge/schemas/earnings.py,9372caf plus backend audit fixes,375,19,7465917c7e3ad92a400b009a76219af2c9c21e81ee7ccd9ca3c6733a7a5357d5,"Request/response DTOs and validation: Accrual, approval and recorded staff payment from ledger journals",implementation source and cross-layer contract review,EarningOut; EarningIdsIn; EarningsOut
backend/src/clientbridge/schemas/entitlements.py,9372caf plus backend audit fixes,1702,69,a5333058484995c294e1f4583f1af458cd75075b33d8e80e2c434f6c17a3d7c9,"Request/response DTOs and validation: Package/gift purchase, consumption/redemption, subscription lifecycle and expiry",implementation source and cross-layer contract review,GiftCardPurchase; GiftCardPurchaseOut; GiftCardRedeem; GiftCardOut; PackagePurchase; PackagePurchaseOut; PackageOut; SubscriptionCreate; SubscriptionOut
backend/src/clientbridge/schemas/files.py,9372caf plus backend audit fixes,843,40,eb8b02863e6d9493189c95f491e8099ad7081bab4220b61782ff2679e169c31f,"Request/response DTOs and validation: Presigned uploads, parent metadata and public logo/catalog media redirects",implementation source and cross-layer contract review,FileCreate; FileOut; FileUpload; PublicFileCreate; PublicFileUpload
backend/src/clientbridge/schemas/forms.py,9372caf plus backend audit fixes,1927,91,5a2d3d03393c116d5532f07352b0c22b6c3851f62bf0fffcfa91b70c31467c5e,"Request/response DTOs and validation: Question editor, send/resend, public intake responses, uploads and intake job",implementation source and cross-layer contract review,FormSend; FormResponseOut; PublicFormField; PublicFormContext; PublicFormSubmit; FormFieldIn; FormSave; FormOut
backend/src/clientbridge/schemas/messaging.py,9372caf plus backend audit fixes,1202,48,f1a40ed6d35656c7bfc9adfd6d9cf2e4f1eb5eb888c676502b7b57f448f2da4b,"Request/response DTOs and validation: Inbox/thread state, outbound delivery, broadcasts and inbound SMS",implementation source and cross-layer contract review,MessageSend; MessageOut; BroadcastSend; BroadcastOut; ThreadOut
backend/src/clientbridge/schemas/notes.py,9372caf plus backend audit fixes,680,30,c36d1cb6236a238f663ba58f8569563618fdf26d0063262610c474843e3721a5,Request/response DTOs and validation: Client/subject notes with author permissions and pinning,implementation source and cross-layer contract review,NoteCreate; NoteUpdate; NoteOut
backend/src/clientbridge/schemas/notifications.py,9372caf plus backend audit fixes,207,12,3f1a655c1ef73758b9879f9e3a065d4fd7aaf212378ac49b8a2eaffa8f0cbd11,"Request/response DTOs and validation: Event copy, email/SMS/push dispatch, devices and pruning",implementation source and cross-layer contract review,DeviceRegister; DeviceOut
backend/src/clientbridge/schemas/orders.py,9372caf plus backend audit fixes,4624,152,8aff6e98b3912ebfea379aaed78121088268f1fb30adfc70e4460dcd1f65c71e,"Request/response DTOs and validation: POS sale lifecycle, discounts/tips, checkout, receipts, pickup and Terminal",implementation source and cross-layer contract review,OrderCreate; OrderUpdate; TipIn; OrderPayIn; OrderCashIn; OrderCashOut; OrderReceiptIn; PinIn; OrderPickupIn; OrderOut; PublicReceiptPayment; PublicReceipt; OrderCheckoutIn; CheckoutOut; ConnectionTokenOut
backend/src/clientbridge/schemas/payments.py,9372caf plus backend audit fixes,8572,282,61de7bf339de42fcba036a77e6a4c8bc9c321668a1195974a274e95062c47554,"Request/response DTOs and validation: Card/PAD/Interac/manual payments, saved methods, refunds, disputes and provider events",implementation source and cross-layer contract review,OnboardingLink; ConnectStatus; SetupIntentOut; RefundIn; RefundOut; RefundPart; RefundPreview; InteracRequestIn; InteracRequest; PaymentMethodOut; DetachResult; InteracWebhookBody; RemittanceIn; RemittanceOut; FiledReturn; FilingPeriod; TaxFilings; PublicDocLine; PublicDocTax; PublicCredit; PublicInterac; PublicInvoice; TipShareIn; PublicPayIn; PublicCardIntent; InvoicePaymentIn; InvoicePaymentOut
backend/src/clientbridge/schemas/public.py,9372caf plus backend audit fixes,5485,214,5f91e8720206fdbe08c4d9444d03b8f351c4e1f8f336286ae1753ead95062531,Request/response DTOs and validation: Connect booking/manage/pay/shop/estimate/receipt contexts and public commands,implementation source and cross-layer contract review,PublicBrand; PublicService; PublicStaff; PublicAddon; PublicAddonIn; PublicPolicy; PublicBookingPage; PublicSlot; PublicSlots; PublicDay; PublicDays; ManagedAddon; ManagedBooking; ManageReschedule; ManageCancelResult; PublicBookingClient; PublicBookingCreate; PublicBookingResult; PublicShopItem; PublicShop; PublicShopLine; PublicShopOrderCreate; PublicShopOrderResult; _contactable
backend/src/clientbridge/schemas/public_profiles.py,concurrent source-only,1027,43,15baf90389e90cfa65e7adab23448a707d25808cbdeae5405c87a088069db6ad,"Request/response DTOs and validation: Published business profile, hours, staff, reviews and next openings",Concurrent feature source/contract review only; excluded from isolated runtime and migration checks,PublicProfileReview; PublicProfileHours; PublicProfile; PublicServiceOpening; PublicNextOpenings
backend/src/clientbridge/schemas/reports.py,9372caf plus backend audit fixes,4040,114,4dc51a7030f831f8b5436e44a80dfc7b94baebe2f320d9d1ba4998fdc03a135b,"Request/response DTOs and validation: Dashboard, income/tax/sales/payees/payouts reports and CSV/ZIP export",implementation source and cross-layer contract review,DashboardSummary; IncomeReport; GstHstReport; T4ARow; SalesByItemRow; T4APayee; IncomeSummary; ProvincialReport; MonthNet; PayoutRow; ReportRate; ReportSummary; ReportExportIn
backend/src/clientbridge/schemas/returning.py,concurrent source-only,1171,48,2b942151a043c99d9f55c4f524828c7e81ad4cbaf391c9caabba5d43d29ff205,"Request/response DTOs and validation: Tenant-bound email/SMS verification, short-lived client proof and returning profile",Concurrent feature source/contract review only; excluded from isolated runtime and migration checks,ReturningRequest; ReturningChallengeOut; ReturningVerify; ReturningPet; ReturningVisit; ReturningProfile; ReturningVerified; _one_contact
backend/src/clientbridge/schemas/reviews.py,9372caf plus backend audit fixes,1373,59,77c6e59411d86d3ad5e32f4056049e71ff26cd03c962968b88ac3a9b911fae6d,"Request/response DTOs and validation: Review request, public submission, hold/publish/hide/respond and request job",implementation source and cross-layer contract review,ReviewRequestCreate; ReviewOut; ReviewLinkOut; ReviewRespond; ReviewShareOut; PublicReviewContext; PublicReviewSubmit
backend/src/clientbridge/schemas/staff.py,9372caf plus backend audit fixes,1638,64,e22c5076543bd9cf2d03c7a2ec968ef90d7273a45703928650b15c237c086e1e,"Request/response DTOs and validation: Membership, invites, acceptance, roles, removal, pay rates and manager PIN",implementation source and cross-layer contract review,InviteBody; InviteOut; StaffPayUpdate; StaffPayOut; RoleUpdate; TeamMember; TeamOut
backend/src/clientbridge/schemas/subjects.py,9372caf plus backend audit fixes,1397,49,f18b0c6de4462e46007e80ffe79c8d09b7954dff224ae9a10da2f4f5a42a8151,"Request/response DTOs and validation: Client pets/subjects, validated attributes and soft deletion",implementation source and cross-layer contract review,SubjectAttributes; SubjectCreate; SubjectUpdate; SubjectOut
backend/src/clientbridge/schemas/tax.py,9372caf plus backend audit fixes,211,11,b8d80165ab76f5c404c1892af7f5f38dbf8512791ea54debcc9e9851a8c6c7b2,"Request/response DTOs and validation: Canadian provincial rates, exact decimal calculation and current-setting tax breakdowns",implementation source and cross-layer contract review,TaxRateOut
backend/src/clientbridge/services/__init__.py,9372caf plus backend audit fixes,0,0,e3b0c44298fc1c149afbf4c8996fb92427ae41e4649b934ca495991b7852b855,Empty package initializer,empty file inspected,
backend/src/clientbridge/services/auth.py,9372caf plus backend audit fixes,9078,225,eff103353805ef9752d8fdcb48d77bdfa2ffcdf627c44f203e7caeab5280fee3,"Password/Google authentication, verification, reset and rotating refresh sessions",implementation source and cross-layer contract review,build_user; AuthService; __init__; register; oauth_login; authenticate; issue_session; rotate; revoke; _revoke_family; _create_token; _consume_token; request_password_reset; reset_password; send_verification; verify_email
backend/src/clientbridge/services/billing.py,9372caf plus backend audit fixes,24201,599,136018cd49eedea29f2c684d57bcab2c0aac9254b3ffe88449ff08da2dde2fb8,"Invoice and estimate composition, numbering, issuing, answering and conversion",implementation source and cross-layer contract review,BillingService; _tax_class; estimate_status; _invoice_out; _estimate_out; run_overdue_sweep; __init__; create_invoice; update_invoice; send_invoice; _issue_invoice; void_invoice; _bookings; _apply_deposits; create_estimate; update_estimate; send_estimate; _issue_estimate; accept_estimate; decline_estimate; convert_estimate; _set_estimate_status; create_invoice_for_booking; _booking; _assert_admin; _apply_totals; _replace_lines; _repriced; _lines; _next_number; _client; _invoice; _estimate; run; run; run; run; run; run; run; run; run; run
backend/src/clientbridge/services/bookings.py,9372caf plus backend audit fixes,72268,1840,7c90721b6da6ca8b7f80e5fbe8570038f406bf58512ab3bf9d0326eddd92cd5a,"Scheduling, classes, recurrence, time off, deposits and online booking settings",implementation source and cross-layer contract review,_booking_out; booked_count_expr; booked_count; conflicting_slot; assert_free; conflicting_resource; open_class_slot; _client_has_seat; blocking_exception; _verdict; slot_problem; create_booking_core; _lock_staff; load_resource; assert_subject; release_slot; settle_deposit; apply_deposit; unapply_deposit; reverse_deposit; deposit_refunded; _open_invoice; BookingService; open_slots; _Window; exceptions_between; _add_months; _same_weekday; expand_occurrences; RecurrenceService; open_windows; _as_utc; is_within_hours; ClassService; policy_of; OnlineBookingService; TimeOffService; run_reap_unpaid_bookings; run_reminders; __init__; create; patch; check; _moves; _target; reminder; check_in; collect_deposit; _forfeit_deposit; _assert_no_open_deposit; _has_open_deposit; _business; remove_addon; _assert_can_act_as; _item; _client; _staff; _booking; _slot; __init__; __init__; create; change; cancel; _recurrence; _upcoming; __init__; add; act; message; _undo; _session; _subject; _entry; __init__; get; update; set_addons; _business; __init__; create; delete; _assert_may_edit; _out; deposits; run; run; run; run; run; run; run; run; run; run; run; run; run; run; run
backend/src/clientbridge/services/business.py,9372caf plus backend audit fixes,7270,180,9ca0ae3835395874eafa7bccc9a5dd19318bfad71d5a64f73b3ae0f63a4c0fec,"Onboarding, business/tax/brand settings and Stripe Connect account status",implementation source and cross-layer contract review,business_tz; business_province; business_tax_registered; derive_kyc_status; kyc_status; apply_account_status; BusinessService; OnboardingService; _due; __init__; _assert_logo; update_settings; __init__; onboard
backend/src/clientbridge/services/catalog.py,9372caf plus backend audit fixes,8086,206,c684aa3b3da45664164e6a5c96c66576ae5045abe44919697c9de43a70ba8da0,"Services, products, packages, subscriptions, gift products, tax classes and stock commands",implementation source and cross-layer contract review,CatalogService; load_item; _assert_shape; _amounts; deposit_cents; __init__; _assert_admin; set_tax_class; create; update; _assert_covers; _save; run
backend/src/clientbridge/services/clients.py,9372caf plus backend audit fixes,13036,356,671b3ec1a9e4e8bc78b25f9b6d112d994e1d2bc155060b40aac82b7fa641429b,"Client contact records, consent, archive, bulk tags and guarded merge",implementation source and cross-layer contract review,clean_tags; ClientService; load_client; find_or_create_by_contact; __init__; create; update; set_archived; _many; archive_many; tag_many; merge; _assert_mergeable; _merge_threads; run; run; run; run
backend/src/clientbridge/services/consents.py,9372caf plus backend audit fixes,6996,213,ef6887d196948c1dd14e653aeb3bad8b0c5bb0251d0d32ec72dd1e36fb60b9e6,"Channel consent history, marketing eligibility, STOP/START and signed preferences",implementation source and cross-layer contract review,record_consent; latest_consents; allows_marketing; set_marketing_consent; set_channel_consent; texts_stopped; record_text_reply; _prefs_signature; prefs_token; prefs_url; client_id_for_prefs; _cell; ConsentService; __init__; export
backend/src/clientbridge/services/contracts.py,9372caf plus backend audit fixes,6741,193,615234d373b6e06b24303babe0a3745b5cc0f768eae0da2463b93498bf5998d0,"Contract templates/versions, requests, immutable signed copies and public signatures",implementation source and cross-layer contract review,ContractService; _contract_out; _signature_out; __init__; send_contract; create_contract; publish_version; resend; _assert_admin; _contract; _client; run; run; run; run
backend/src/clientbridge/services/earnings.py,9372caf plus backend audit fixes,12580,335,f2681a24efc778664b7a5f195f5458c60ce47d5fe18fa68614350edf01234d25,"Accrual, approval and recorded staff payment from ledger journals",implementation source and cross-layer contract review,Earning; EarningService; _lock_booking; _lock_subject; advance_earning; load_earning; _status; _booking_earnings; _split; _booking_lines; ensure_earnings; reverse_earnings; ensure_order_earning; reverse_order_earning; _order_earnings; booking_id; subject; out; __init__; approve_many; pay_many; _advance_many; run
backend/src/clientbridge/services/entitlements.py,9372caf plus backend audit fixes,25384,678,741f741d5288101779021b38d95398505efe8d85b920d9d68e77062d7dad94f6,"Package/gift purchase, consumption/redemption, subscription lifecycle and expiry",implementation source and cross-layer contract review,_gift_code; _charge_account; _record_cash; _settle_cash; GiftCardService; _gift_card_out; activate_purchased_gift_card; void_purchased_gift_card; PackageService; _package_out; activate_purchased_package; void_purchased_package; SubscriptionService; _subscription_out; run_expiry_sweeps; __init__; purchase_gift_card; redeem_gift_card; _face_value; _assert_admin; _business; _client; _item; _by_code; __init__; purchase_package; consume_session; _assert_admin; _business; _client; _item; _package; __init__; create_subscription; cancel_subscription; _assert_admin; _business; _client; _item; _payment_method; _subscription; run; run; run; run; run; run
backend/src/clientbridge/services/files.py,9372caf plus backend audit fixes,4496,129,0081f57f323cc20a1a35262dc074c309bc2878d2ead369e9a2f91151ed6737be,"Presigned uploads, parent metadata and public logo/catalog media redirects",implementation source and cross-layer contract review,FileService; mint_upload; _file_out; media_url; public_media_location; item_images; __init__; create; _assert_public_parent; run
backend/src/clientbridge/services/forms.py,9372caf plus backend audit fixes,10036,285,a5c65723e72088843283d87e128080541ed0d681fc8950ca7cc4100fe41d2830,"Question editor, send/resend, public intake responses, uploads and intake job",implementation source and cross-layer contract review,FormService; _apply; _options; _check_fields; _unique_name; _form_out; run_intake_forms; _response_out; __init__; send_form; create_form; update_form; _replace_fields; _assert_admin; _form; _client; run; run; run
backend/src/clientbridge/services/inventory.py,9372caf plus backend audit fixes,5465,159,14fc9528beb5c5c9fe53a1eabf5079ec5e48cde5448123611d32e7bbc5088850,Idempotent stock movement on paid sale and full refund,implementation source and cross-layer contract review,StockService; sync_parent_stock; _move_once; _move; _has_movement; _locked_item; __init__; restock; run
backend/src/clientbridge/services/ledger.py,9372caf plus backend audit fixes,35762,1031,4ba813f3c9eddabd5ed0a5370724bb29ba3428f4af9cdc1dd1fbcba71fdc7635,"Balanced append-only journals, balances, financial posting rules and reconciliation job",implementation source and cross-layer contract review,UnbalancedJournal; Leg; post; reverse; balance; account_total; subject_balance; _lock_accounts; journal_for; _rows; _payer; _tax_legs; _sale_legs; post_invoice; void_invoice; invoice_balance; _subject_legs; _collected_expr; _refunded_expr; _receivable_expr; invoice_status_expr; invoice_paid_at_expr; _deposit_applied_expr; order_deposit_applied; order_status_expr; order_paid_at_expr; invoice_state; order_state; collected; cash_category; post_payment; _settlement; _tip_contra; _order_sale; post_tips; tip_shares; tip_returned; post_fees; _unwind; refund_legs; payment_fee; post_refund; post_dispute; close_dispute; post_payout; fail_payout; gift_card_balance; gift_card_status; post_redemption; _owned; post_breakage; sessions_used; post_consumption; deposit_held; post_forfeit; post_application; applied_invoices; reverse_application; reverse_forfeit; run_reconcile_ledger; key
backend/src/clientbridge/services/lines.py,9372caf plus backend audit fixes,8704,230,02fdf94029bfb32dcb3541cc62c89d101681cda67bda2438d8b87fb197709d20,"Shared document lines, references, integer-cent discounts and tax application",implementation source and cross-layer contract review,parent_fk; allocate; discount_off; set_discount; discount_of; gross_cents; price_lines; discount_total; replace_lines; _assert_staff; _assert_bookings; _line_items; fetch_lines; line_out; included; included_totals; apply_totals
backend/src/clientbridge/services/messaging.py,9372caf plus backend audit fixes,15194,415,f6af9bf339eff20c2ae6552cedf76d53020f5964b077aa8bb304cdc6c134479b,"Inbox/thread state, outbound delivery, broadcasts and inbound SMS",implementation source and cross-layer contract review,unread_count; open_thread; dispatch_message; broadcast_recipients; fan_out_broadcast; process_inbound_sms; run_due_broadcasts; MessageService; _message_out; _broadcast_out; __init__; send_message; send_broadcast; cancel_broadcast; mark_thread_read; _business_name; _client; _thread; run; run; run; run
backend/src/clientbridge/services/notes.py,9372caf plus backend audit fixes,2581,71,759d958050a2f9e6db363d9632aa587115deab01ca71160248be7eaa3f4586d6,Client/subject notes with author permissions and pinning,implementation source and cross-layer contract review,NoteService; __init__; _parent; _own; create; update; delete
backend/src/clientbridge/services/notifications.py,9372caf plus backend audit fixes,30501,745,971a91d5dc50f305e101905e2f0d5b7dbd32ffc4a8d7cbf5f26ef9e54890d537,"Event copy, email/SMS/push dispatch, devices and pruning",implementation source and cross-layer contract review,pay_link; estimate_link; receipt_link; _money; _receipt; _pickup_line; _online_order_alert; _sale_receipt; _order_ready; _receipt_details; _dispute_alert; _invoice_sent; _invoice_overdue; _estimate_sent; _estimate_accepted; _estimate_declined; _interac_requested; _payment_failed; _refund; _subscription_past_due; _subscription_canceled; _gift_card_issued; _booking_reminder; _booking_confirmed; _manage_line; _booking_rescheduled; _booking_canceled; _series_confirmed; _series_moved; _series_canceled; _form_sent; _contract_sent; _review_requested; broadcast_text; reminder_message; _manage_link; Notifier; DeviceService; run_prune_devices; __init__; on_payment_succeeded; on_order_ready; on_order_receipt; on_invoice_sent; on_invoice_overdue; on_estimate_sent; on_estimate_accepted; on_estimate_declined; on_estimate_answered; on_interac_requested; on_refund; on_payment_failed; on_payment_disputed; on_subscription_past_due; on_subscription_canceled; on_gift_card_issued; on_booking_reminder; on_booking_confirmed; on_booking_rescheduled; on_booking_canceled; on_series_booked; on_review_requested; on_form_sent; on_contract_sent; _itemised; _to_contact; _to_client; _alert_staff; _safe; __init__; register
backend/src/clientbridge/services/orders.py,9372caf plus backend audit fixes,24452,589,20813e5a3e007b5dee0bf748ca4be96721a3f8d6960a0351f2981e908572c4f9,"POS sale lifecycle, discounts/tips, checkout, receipts, pickup and Terminal",implementation source and cross-layer contract review,OrderService; next_order_number; visit_deposits; _status; order_out; __init__; create_order; update_order; void_order; checkout; pay_by_card; pay_cash; held; send_receipt; set_pin; set_pickup; _account; connection_token; _assert_admin; _chargeable; _tip; _settle_terms; _approval; _link_visits; _currency; _order; _has_active_payment; _client; run; run; run; run; run; run; run; run
backend/src/clientbridge/services/payments.py,9372caf plus backend audit fixes,81063,2101,b46937557253bedcf5f3773ae887675d4cf9320ef0a59f7b37d0729224b671a2,"Card/PAD/Interac/manual payments, saved methods, refunds, disputes and provider events",implementation source and cross-layer contract review,WebhookOutcome; _Settled; PaymentService; _blank_to_none; invoice_credits; default_method_ref; resolve_saved_method_ref; assert_payable; TipTerms; resolve_tip; _assert_room; _assert_order_room; ensure_customer; ensure_subscription_price; open_card_payment; _closed_card_attempts; _cancel_open_card_attempts; open_booking_deposit; open_entitlement_payment; open_order_card_payment; open_terminal_payment; open_interac_payment; interac_out; waiting_interac; refunded_by_hand; credit_note_number; _credit_document; next_credit_note; process_stripe_event; _update_payment_method; _reconcile_refund; _record_dispute; _track_dispute; _update_dispute; _close_dispute; _disputed_payment; _dispatch; _settle_payment; _fees; _apply_refund; _sync_parent; _settle_entitlement; _settle_booking_deposit; _reverse_booking_deposit; _booking_deposit_refunded; _refunded_cents; _fully_refunded; _reverse_entitlement; sync_order; _sync_visits; _assert_not_ours; _fail_payment; sync_invoice; _record_payout; _fail_payout; _business_for_account; _record_payment_method; map_subscription_status; _find_subscription; _period; _invoice_subscription; _update_subscription; _cancel_subscription; _subscription_past_due; _recurring_method; _record_recurring_payment; _recurring_invoice; match_interac; process_interac_event; refund_deposit; __init__; start_onboarding; status; record_invoice_payment; _charge_saved_card; start_card_setup; start_pad_setup; _saved_method_ref; detach_card; set_default_card; refund_payment; refund_preview; _whole_refund_only; request_interac; _assert_admin; _business; _invoice; _client; _payment; _payment_method; stored; run; _due; run; run; run; run; run; run; run; run
backend/src/clientbridge/services/pickups.py,concurrent source-only,2763,60,f7df81a56a7d3f1946ef6b77db1b60e3ced0fe3d50699aee78c299fbf4858efb,"Pickup windows from business hours, preparation time and capacity",Concurrent feature source/contract review only; excluded from isolated runtime and migration checks,setting; pickup_windows
backend/src/clientbridge/services/public.py,9372caf plus backend audit fixes,64969,1642,405ee71cbd980a4c60162ee1cdce3da2f54bb69f851b9678b764bbf275c36ec8,Connect booking/manage/pay/shop/estimate/receipt contexts and public commands,implementation source and cross-layer contract review,_account; _service_out; _policy_out; PublicBookingService; _assert_bookable_window; open_days; published_rating; _has_booked; _pet; _replay; _remember; PublicManageService; resolve_by_token; business_or_404; public_brand; _is_http; PublicContractService; _valid_strokes; _strokes_out; _snapshot; PublicFormService; _validate; _field_out; PublicPayService; _tip_names; public_doc_lines; PublicEstimateService; owner_staff_id; PublicReceiptService; PublicReviewService; PublicPreferencesService; _email_hint; _phone_hint; _stock_left; addon_items; offered_addons; shop_items; online_items; PublicShopService; __init__; page; slots; days; book; _open; _staff_for; _who; _online_staff; _open_deposit; _find_or_create_client; _business; _bookable_item; __init__; booking_id; view; days; slots; reschedule; cancel; _blocked; _resolve; _visit; _view; __init__; _resolve; context; sign; decline; _context; __init__; _resolve; _fields; context; upload; submit; __init__; _resolve; invoice; pay_card; pay_interac; __init__; _resolve; context; accept; decline; _assert_open; _context; __init__; receipt; __init__; _resolve; context; submit; _context; _visit; __init__; _resolve; context; save; unsubscribe; _out; __init__; shop; order; _owner_staff; _business
backend/src/clientbridge/services/public_orders.py,concurrent source-only,4118,97,db9e9ebba6356f89aca4a81e4f2edd85f477fcbe3f78fb0172a7001e9bca1d2f,"Bearer order tracking, notification preference and pre-preparation cancellation",Concurrent feature source/contract review only; excluded from isolated runtime and migration checks,PublicOrderService; __init__; resolve; view; alerts; cancel; run
backend/src/clientbridge/services/public_profiles.py,concurrent source-only,3448,97,348a3d14974be713e89b69f102e0bfd3beb489a6845bc979d490fef451f7173e,"Published business profile, hours, staff, reviews and next openings",Concurrent feature source/contract review only; excluded from isolated runtime and migration checks,PublicProfilesService; __init__; page
backend/src/clientbridge/services/remittances.py,9372caf plus backend audit fixes,13672,328,3a84f9f292730d5d1ceedcfefe873baea2318295f6e7bf9f5625fa0aa900e3c9,"Recorded tax returns, input credits and ledger remittance entries",implementation source and cross-layer contract review,_covers; RemittanceService; __init__; _business; record; _ranges; next_due; filings; filed_returns; _period; _owed; _set_aside; _first_tax_day; _overlaps; run; status
backend/src/clientbridge/services/reports.py,9372caf plus backend audit fixes,21955,540,c7b3e97135cfed8af1f405ae3cb487368312a84c92705943b2b29bd4d3722672,"Dashboard, income/tax/sales/payees/payouts reports and CSV/ZIP export",implementation source and cross-layer contract review,period_bounds; add_months; month_end; period_of; due_date; ReportService; DashboardService; _csv; __init__; _business; income_summary; income_summary_between; gst_hst_return; taxable_sales; t4a_summary; _legs; sales_by_item; sales_by_item_csv; income_csv; gst_hst_csv; t4a_csv; summary; _tax_by_code; _income; provincial_base; _months; payouts; export_zip; csv; pst_csv; payouts_csv; t4a_payees; __init__; summary
backend/src/clientbridge/services/returning.py,concurrent source-only,10154,271,8bb3cd9ad28a8feab79c26c717fb4a49f97912347da80fb14c4e1ae2d5db338e,"Tenant-bound email/SMS verification, short-lived client proof and returning profile",Concurrent feature source/contract review only; excluded from isolated runtime and migration checks,_digest; _phone; ReturningService; __init__; _business; request; verify; _client; resolve; subject; _profile
backend/src/clientbridge/services/reviews.py,9372caf plus backend audit fixes,8699,238,099a9703fa2999e5e8a5ad470e3f564ee801d1043a3d4d998785557df13e6338,"Review request, public submission, hold/publish/hide/respond and request job",implementation source and cross-layer contract review,build_review_request; ReviewService; _request_out; _review_out; run_review_requests; __init__; request_review; respond_to_review; hide_review; publish_review; share; _set_status; _assert_admin; _client; _booking; _assert_no_open_request; _review; run; run; run; run
backend/src/clientbridge/services/staff.py,9372caf plus backend audit fixes,13147,335,f45c901e063212760d181a4ff35090b8539cca01bd88902a85f499fdce83e8f2,"Membership, invites, acceptance, roles, removal, pay rates and manager PIN",implementation source and cross-layer contract review,_fit_rate_unit; StaffService; load_staff; __init__; update_pay; create_invite; accept_invite; team; _invite; resend_invite; revoke_invite; _member; change_role; remove; run; run; out; run
backend/src/clientbridge/services/subjects.py,9372caf plus backend audit fixes,2162,60,c3432f8182250534e0e5388b5fb5370c7ae694bc8cd965d3161d09af63af91fb,"Client pets/subjects, validated attributes and soft deletion",implementation source and cross-layer contract review,SubjectService; __init__; _get; create; update; delete
backend/src/clientbridge/services/tax.py,9372caf plus backend audit fixes,5998,171,aa1ac769f0f3f5e5a6542d99898ca1b62f2318c598b7286a64c3d0df8afc4432,"Canadian provincial rates, exact decimal calculation and current-setting tax breakdowns",implementation source and cross-layer contract review,effective_rate; _cents; TaxComponent; TaxLine; LineTax; TaxResult; compute_tax; _line; ProvinceRate; rates_for_province; rates_for_business; tax_for_amount; tax_breakdown; tax_for_lines; id
backend/src/clientbridge/sync/__init__.py,9372caf plus backend audit fixes,243,8,1190450239ba532292bee4c64125610067ae21f0e780fd9dc41390d624b50564,,implementation source and cross-layer contract review,
backend/src/clientbridge/sync/auth.py,9372caf plus backend audit fixes,1305,33,21e88954c386befe48eff9e526f4885f930fd6f2f4de7a61f69b18351895c2a3,"The `/sync` auth surface: mint a PowerSync token from the app session, and serve the JWKS.",implementation source and cross-layer contract review,sync_token; jwks
backend/src/clientbridge/sync/upload.py,9372caf plus backend audit fixes,7338,176,d0665dd171ee39b68550a5f37fa0676d19e043ab6fb4c747b4fe4c768c34a705,Server-authoritative write path for PowerSync uploads.,implementation source and cross-layer contract review,UploadOp; UploadBody; _coerce; _reject_owned_fields; sync_upload
backend/src/clientbridge/tasks/__init__.py,9372caf plus backend audit fixes,0,0,e3b0c44298fc1c149afbf4c8996fb92427ae41e4649b934ca495991b7852b855,Empty package initializer,empty file inspected,
backend/src/clientbridge/tasks/worker.py,9372caf plus backend audit fixes,3401,89,3a68db5045763d80fce1c0a0f02c7874f8ecf9e2d27249b965dd4542082eccfa,The arq worker (`uv run arq clientbridge.tasks.worker.WorkerSettings`): the job schedule only.,implementation source and cross-layer contract review,_notifier; send_booking_reminders; reap_unpaid_bookings; send_due_broadcasts; sweep_overdue_invoices; expire_entitlements; prune_devices; reconcile_ledger; send_review_requests; send_intake_forms; WorkerSettings
backend/tests/__init__.py,9372caf plus backend audit fixes,0,0,e3b0c44298fc1c149afbf4c8996fb92427ae41e4649b934ca495991b7852b855,Empty package initializer,empty file inspected,
backend/tests/conftest.py,9372caf plus backend audit fixes,16328,478,5e3debef58ed34e6ad6b0078d9640e16ae386371744656249ffdca74a02e6551,"Shared fixtures: each test runs in a transaction rolled back at teardown, over the seeded DB.",test-contract inventory; complete default-suite execution; relevant regression bodies traced,book_invoice; db; FakeEmailSender; email; FakeSmsSender; FakePushSender; sms; push; FakeFileStorage; storage; FakeOAuthVerifier; FakePaymentGateway; gateway; api; _bearer; as_owner; as_staff; unauth; Factory; factory; __init__; send; __init__; send; __init__; send; __init__; presign_upload; presign_download; verify_google; __init__; create_connected_account; create_account_link; get_account; verify_webhook; create_customer; create_setup_intent; create_pad_setup_intent; create_price; create_subscription; cancel_subscription; get_invoice_payment_intent; create_payment_intent; cancel_payment_intent; refund; detach_payment_method; create_connection_token; create_terminal_location; create_terminal_payment_intent; get_payment_fees; get_balance_cents; _session; _email; _gateway; _storage; __init__; business; user; staff; client
backend/tests/contract/conftest.py,9372caf plus backend audit fixes,1001,36,ba597704d62355bf7bcfb9213c198563b6c91780bcafe55bab0093f9fcf90f5b,Contract tier: the real StripeGateway against stripe-mock; skipped unless it is running.,adapter contract source review; separate contract-tier execution,_reachable; contract_gateway
backend/tests/contract/test_stripe_contract.py,9372caf plus backend audit fixes,4659,123,51b3d556e919e8ad98eb3f0a2df06baefa810d224cdee5f38e11be9c3362e2f0,"Every StripeGateway call against stripe-mock, catching spec drift the fake can't.",adapter contract source review; separate contract-tier execution,test_create_connected_account; test_create_account_link; test_get_account; test_create_customer; test_create_setup_intent; test_create_pad_setup_intent; test_create_price; test_create_payment_intent; test_refund; test_create_connection_token; test_create_terminal_location; test_create_subscription; test_cancel_subscription; test_detach_payment_method; test_create_terminal_payment_intent; test_get_payment_fees; test_get_balance_cents
backend/tests/e2e/conftest.py,9372caf plus backend audit fixes,1090,34,96e3c94b56572dcdf9bbdb72b736aa592dd0cb36e18ad2de45441775c2d3abd6,E2E tier against Stripe test mode; skipped unless STRIPE_TEST_SECRET_KEY is exported.,real-provider test source review; live provider configuration outside isolated run,live_gateway; connected_account_id
backend/tests/e2e/test_stripe_e2e.py,9372caf plus backend audit fixes,3003,74,99d3a4efd896049687f1d1d713b0fbbc37c60c7dc10137fb3ee015e87ede82f1,"Flows only the real Stripe API can prove: KYC shape, real declines, period parsing.",real-provider test source review; live provider configuration outside isolated run,test_fresh_account_reports_kyc_requirements; test_declined_test_card_maps_to_card_declined; test_subscription_period_fields_match_current_api
backend/tests/fixtures/stripe/account_updated.json,9372caf plus backend audit fixes,1914,64,ab3debdccccef898687fc09bad51e8045d9293725f8fa5c43ed64ccddbce08cf,Configuration source,configuration/dependency review,
backend/tests/fixtures/stripe/payment_intent_succeeded.json,9372caf plus backend audit fixes,879,30,a1226b561e2841edebc5377b402af37b03d581cfac67a2941c03ce35aa44f40f,Configuration source,configuration/dependency review,
backend/tests/helpers.py,9372caf plus backend audit fixes,10080,307,3ad7254cfea9e9f51c32adea1cfa4939a5da84b5d84fb4f34b3289be77bcec10,"Helpers shared by the test files: setup steps, Stripe events and direct database reads.",test-contract inventory; complete default-suite execution; relevant regression bodies traced,key; ok; enable_payments; client_id; new_client; sent_invoice; card_pay; provider_ref; settle; stripe_event; payment; payment_by_ref; deposit_payment; invoice; order; booking; deposit_held; business_balance; owner_balance; earnings; earning_status; package; gift_card; lapse; review_id; column; unread; removed
backend/tests/test_auth.py,9372caf plus backend audit fixes,12249,291,66bb2c940e9b048117b0cf5109f4236a93519da0a1bb06ff04f6ac35cae41b20,"Password auth + JWT sessions: register/login, refresh rotation/reuse, logout, token rejection.",test-contract inventory; complete default-suite execution; relevant regression bodies traced,_auth; test_register_returns_token_pair; test_register_duplicate_email_409; test_login_seeded_user; test_login_unknown_email_401; test_login_wrong_password_401; test_login_pauses_after_five_failures_429; test_login_success_clears_failures; test_login_correct_password; test_access_token_authorizes; _login; test_refresh_rotates; test_refresh_invalid_401; test_refresh_reuse_revokes_family; test_logout_revokes; test_logout_unknown_token_204; test_tampered_access_token_rejected; test_expired_access_token_rejected; test_forged_signature_rejected; test_sync_token_rejected_on_api_route; test_forgot_password_existing_sends_email; test_forgot_password_unknown_no_enumeration; test_reset_password_changes_credentials; test_reset_token_single_use; test_reset_expired_token_401; test_reset_invalidates_sessions; test_register_sends_and_verifies_email; test_verify_invalid_token_401
backend/tests/test_auth_oauth.py,9372caf plus backend audit fixes,2168,49,ee6829167d2a1a82c391906a311a8e8e0c8f58116c915efb2d6b4dda320e97c4,Google OAuth — verify (faked) → find-or-create user → session.,test-contract inventory; complete default-suite execution; relevant regression bodies traced,test_oauth_new_user_created_and_session; test_oauth_links_existing_user; test_oauth_unverified_email_rejected; test_oauth_invalid_token_401; test_oauth_session_authenticates
backend/tests/test_auth_principal.py,9372caf plus backend audit fixes,1938,50,d6154cc3474bcf1139236bbde40126efbf10cc4a781a03cc391b56cfacce1f18,"The authz spine: `current_principal` resolution — membership, multi-business, foreign.",test-contract inventory; complete default-suite execution; relevant regression bodies traced,_auth; test_no_membership_forbidden; test_multi_business_requires_header; test_foreign_business_header_forbidden
backend/tests/test_auth_schema.py,9372caf plus backend audit fixes,1117,35,d9b78c671331dd1c3d8697f6e929e53c09212a012895d5cb0a1fdfa2bf062822,The server-only tables exist and are excluded from the client AppSchema.,test-contract inventory; complete default-suite execution; relevant regression bodies traced,test_auth_tables_and_column_exist; test_server_only_tables_are_not_synced
backend/tests/test_billing_estimates.py,9372caf plus backend audit fixes,11255,271,0e290171abccf4e453732aa52fda67369f4418dd64304c206d53b7ba47b54373,Regression contracts for billing estimates,test-contract inventory; complete default-suite execution; relevant regression bodies traced,_line; test_create_estimate; test_send_estimate_assigns_number; test_accept_then_convert; test_cannot_convert_twice; test_cannot_convert_draft; test_decline_estimate; test_staff_cannot_create_estimate; test_unknown_client_404; test_cannot_estimate_another_business_client; test_idempotent_create_replays; test_unknown_estimate_404; test_cannot_send_accepted_estimate; test_staff_cannot_convert; test_edit_draft_estimate_recomputes_totals; test_cannot_edit_declined_estimate_409; test_cannot_decline_draft_estimate_409; test_foreign_estimate_404_by_scoping; _addon; test_optional_lines_stay_out_of_the_total; test_create_and_send_estimate; test_create_and_send_estimate_needs_an_included_line; test_decline_keeps_the_reason; test_convert_keeps_tax_class_and_skips_unticked_addons
backend/tests/test_billing_invoices.py,9372caf plus backend audit fixes,9157,219,fdd756963a9f9439f2967106da62e6be4efa1323c473b71ea315a6ab7c22f9f5,Regression contracts for billing invoices,test-contract inventory; complete default-suite execution; relevant regression bodies traced,test_nova_scotia_invoice_uses_current_hst; _line; test_create_invoice_computes_tax; test_send_assigns_number_and_emails; test_not_registered_collects_no_tax; test_only_draft_is_editable; test_void_invoice; test_unknown_client_404; test_staff_cannot_create_invoice; test_unauth_cannot_create; test_cannot_invoice_another_business_client; test_unknown_invoice_404; test_idempotent_create_replays; test_negative_amount_rejected; test_staff_cannot_send_invoice; test_cannot_send_void_invoice; test_foreign_invoice_404_by_scoping; test_create_and_send_in_one_call; test_create_and_send_needs_a_line; test_invoice_lines_cannot_be_optional; test_composer_tax_class_is_kept; test_line_staff_must_be_on_the_team_404
backend/tests/test_billing_references.py,9372caf plus backend audit fixes,2108,60,7a594253031288ae81eebf5adf72499001697a4a923e290478b03284860b852c,Every billing composer validates the tenant of a referenced visit.,test-contract inventory; complete default-suite execution; relevant regression bodies traced,test_billing_lines_cannot_reference_a_foreign_booking
backend/tests/test_bookings.py,9372caf plus backend audit fixes,45489,1191,d161164a6b58bc2c22c6f334fe63b7551dcbe08c8b6991341d141ecc65a03ea6,Regression contracts for bookings,test-contract inventory; complete default-suite execution; relevant regression bodies traced,_client_and_item; _body; test_create_booking; test_double_book_conflicts; test_resource_double_book_conflicts; test_cancel_frees_the_slot; test_reschedule_moves_slot; test_staff_cannot_book_another_staff; test_unauth_cannot_book; test_unknown_client_404; test_idempotent_create_replays; test_unknown_item_404; test_unknown_staff_404; test_cannot_book_another_business_client; test_reschedule_into_conflict_409; test_double_cancel_is_idempotent; test_zero_duration_item_is_422; test_inactive_item_404; test_cannot_modify_terminal_booking; test_patch_unknown_booking_404; test_booking_within_buffer_conflicts; test_booking_outside_buffer_ok; test_unconfigured_hours_allow_any_time; test_booking_within_window_ok_outside_409; test_hours_windows_are_business_local_not_utc; test_hours_closure_blocks_booking; test_class_bookings_share_slot_until_full; test_non_class_item_mints_single_capacity_slot; test_foreign_business_slot_does_not_block; _deposit_booking; _pi_succeeded; _provider_ref; test_collect_deposit_default_card_settles_and_receipts; test_collect_deposit_interactive_returns_secret; test_collect_deposit_no_deposit_due_409; test_collect_deposit_double_collect_409; test_collect_deposit_idempotent_replays; test_collect_deposit_not_onboarded_409; test_foreign_booking_404_by_scoping; test_no_show_forfeits_collected_deposit; test_no_show_charges_default_card; test_no_show_stands_when_the_default_card_declines; test_no_show_without_deposit_is_noop; test_no_show_required_deposit_no_default_card_does_not_forfeit; test_no_show_with_pending_interactive_deposit_does_not_charge; test_deposit_settle_redelivery_collects_once_no_second_receipt; test_refund_reverses_collected_deposit; _deposit_status; _collected_deposit; test_deposit_status_none_when_nothing_is_owed; test_closing_a_booking_with_a_pending_deposit_clears_it; test_canceling_keeps_a_collected_deposit; test_partial_deposit_refund_stays_collected_until_the_rest; test_refunding_a_forfeited_deposit_in_full_unforfeits_it; _online_booking; test_reaps_stale_unpaid_online_booking; test_fresh_unpaid_booking_is_untouched; test_settled_deposit_is_untouched; test_waitlisted_booking_is_untouched; test_manual_booking_is_untouched; _booking_at; _notifier; test_reminds_upcoming_booking; test_skips_booking_outside_window; test_reminder_is_deduped; test_skips_canceled_booking; _booking_for; test_reminder_reaches_client_email_and_sms; test_global_scan_is_multi_tenant_and_deduped
backend/tests/test_bookings_check_in.py,9372caf plus backend audit fixes,5593,164,0782fb9833866792ec7789c41707ec9ad0bb640028dc90c39691c8716942c251,Regression contracts for bookings check in,test-contract inventory; complete default-suite execution; relevant regression bodies traced,_booking; _checked_in_at; test_owner_checks_a_client_in; test_staff_checks_in_their_own_booking; test_staff_cannot_check_in_another_members_booking; test_unauth_cannot_check_in; test_unknown_booking_404; test_another_business_booking_404; test_closed_booking_cannot_be_checked_in; test_checking_in_twice_keeps_the_first_arrival
backend/tests/test_bookings_classes.py,9372caf plus backend audit fixes,11368,300,e78af991b58a24f9b97c41e409ab708d7c585744be197e2d3023c92382ba5b79,Regression contracts for bookings classes,test-contract inventory; complete default-suite execution; relevant regression bodies traced,_class; _add; test_full_class_puts_the_next_client_on_the_waitlist; test_check_in_undo_and_no_show; test_promote_gives_a_freed_seat_and_tells_the_client; test_waitlisted_clients_get_no_reminder; test_message_goes_to_everyone_booked; test_client_already_on_the_roster_is_refused; test_not_a_class_or_wrong_states_are_refused; test_pet_must_belong_to_the_client; test_staff_runs_only_their_own_classes; test_unknown_and_other_business_class_404; test_check_in_twice_keeps_the_first_time; _rival_class; test_class_that_already_happened_is_refused; test_another_business_class_slot_404; test_staff_cannot_change_another_members_roster; test_message_to_an_unknown_or_single_slot_is_refused; test_unauth_cannot_run_a_class
backend/tests/test_bookings_deposits.py,9372caf plus backend audit fixes,7402,195,10a26a7d6cda9f5425e099b4d94178b3b2eea3a0fcd8e018bdf34fdfe5f16704,Regression contracts for bookings deposits,test-contract inventory; complete default-suite execution; relevant regression bodies traced,_client_and_item; _booking; test_booking_flags_deposit_required; test_booking_no_deposit_when_item_has_none; test_deposit_amount_computed_from_item; _collected; _api_invoice; _state; test_sending_the_invoice_applies_the_deposit; test_deposit_settled_after_the_invoice_is_applied; test_voiding_the_invoice_returns_the_deposit_to_held; test_refunding_an_applied_deposit_reopens_the_invoice; test_void_with_a_payment_in_progress_409
backend/tests/test_bookings_moves.py,9372caf plus backend audit fixes,14015,388,e5d9efbaa85a517778252d36f5376acf07bf69f3bfb976ba527ecb37790dc9af,Regression contracts for bookings moves,test-contract inventory; complete default-suite execution; relevant regression bodies traced,_service; _book; _slot; test_move_to_another_member_and_time; test_resize_changes_only_the_end; test_check_answers_without_writing; test_check_names_the_time_off; test_move_onto_another_visit_is_refused; test_move_into_the_past_is_refused; test_resize_below_five_minutes_is_refused; test_staff_cannot_hand_a_visit_to_someone_else; test_staff_cannot_check_another_members_visit; test_unauth_cannot_check; test_unknown_member_or_room_404; test_closed_visit_cannot_be_moved_or_checked; test_room_clash_is_refused; test_class_session_is_not_handed_to_another_member; test_another_business_visit_404; test_note_is_kept_and_confirmation_can_be_skipped; test_switched_off_room_blocks_new_visits; test_another_business_room_404
backend/tests/test_bookings_online.py,9372caf plus backend audit fixes,5217,121,a63cc2ae34f5046b93d2b36929b898795fb1e073c2b856f607819030ef7e742c,Regression contracts for bookings online,test-contract inventory; complete default-suite execution; relevant regression bodies traced,test_owner_reads_the_online_booking_settings; test_owner_changes_rules_services_and_team; test_owner_chooses_add_ons_per_service; test_add_ons_are_products_with_real_services; test_settings_validate; test_staff_cannot_change_online_booking; test_unauth_cannot_read_or_change_online_booking; test_another_business_items_are_out_of_reach; test_saving_the_same_settings_twice_is_stable
backend/tests/test_bookings_recurrence_changes.py,9372caf plus backend audit fixes,13600,383,032ee94a4b5169ca0da4811f6eab0da7f968f775b045b4920ece2a16395f2bfd,Regression contracts for bookings recurrence changes,test-contract inventory; complete default-suite execution; relevant regression bodies traced,_item; _series; _starts; test_monthly_by_weekday_keeps_the_nth_weekday; test_create_skips_and_shifts_named_dates; test_a_shift_needs_its_new_time; test_series_confirmation_is_one_message; test_each_confirmation_is_one_message_per_visit; test_change_all_moves_weekday_time_and_member; test_change_following_leaves_earlier_visits; test_change_one_and_report_a_clash; test_change_needs_something_to_change; test_change_on_a_date_without_a_visit_404; test_cancel_from_a_date_ends_the_series; test_cancel_everything_refunds_paid_deposits; test_staff_cannot_change_or_cancel_anothers_series; test_staff_cannot_hand_their_series_to_someone_else; test_unauth_cannot_change_a_series; test_another_business_series_404; test_create_replays_on_the_same_key
backend/tests/test_bookings_recurrences.py,9372caf plus backend audit fixes,9247,269,f1b70238f561e034db69e9b6fc175baf24bc63192250699b0f732170e43bbad2,Regression contracts for bookings recurrences,test-contract inventory; complete default-suite execution; relevant regression bodies traced,test_expand_weekly_count; test_expand_weekly_byday; test_expand_daily_interval; test_expand_monthly_clamps_short_months; test_expand_until_bounds; test_expand_caps_unbounded; _client_and_item; _body; _slot_count; test_weekly_series_creates_bookings; test_weekly_series_holds_local_time_across_dst; test_series_skips_conflicting_occurrence; test_unbounded_series_rejected; test_staff_cannot_schedule_for_others; test_series_is_idempotent; test_service_without_a_duration_422; test_unknown_client_item_or_staff_404; test_another_business_client_item_or_staff_404; test_unauth_cannot_schedule_a_series
backend/tests/test_bookings_references.py,9372caf plus backend audit fixes,2557,77,4906bd564f916cf7fce164d2f4311916cbd79a3bd1267fefba38e51601b2206c,Booking inputs keep pets and resources inside the selected business and client.,test-contract inventory; complete default-suite execution; relevant regression bodies traced,test_booking_rejects_a_pet_outside_the_client_record; test_recurrence_rejects_an_unavailable_resource
backend/tests/test_bookings_reminders.py,9372caf plus backend audit fixes,3373,102,3d300276d283004eaa63a00e1c80b6e71d1dadf5aa06afbfb36cc0b73bb04a1c,Regression contracts for bookings reminders,test-contract inventory; complete default-suite execution; relevant regression bodies traced,_booking; test_reminder_preview_matches_what_is_sent; test_staff_previews_their_own_booking; test_staff_cannot_preview_another_members_booking; test_another_business_booking_404; test_unauth_cannot_preview
backend/tests/test_bookings_time_off.py,9372caf plus backend audit fixes,10522,294,ad6a3596ff8c387252f89d6f058b37afcd7527fedd621e4cfbffb7e175dd6dea,Regression contracts for bookings time off,test-contract inventory; complete default-suite execution; relevant regression bodies traced,_away; _service; _book; test_staff_adds_their_own_time_off; test_time_off_lists_the_visits_it_leaves_uncovered; test_owner_closes_the_business; test_time_off_blocks_new_bookings_and_open_times; test_closure_blocks_every_member; test_owner_removes_time_off; test_staff_cannot_add_time_off_for_someone_else; test_staff_cannot_close_the_business; test_staff_cannot_remove_a_closure; test_unauth_cannot_add_or_remove_time_off; test_time_off_must_end_after_it_starts; test_time_off_needs_a_reason; test_unknown_member_or_entry_404; test_recurring_hours_are_not_removed_as_time_off; test_another_business_time_off_is_invisible; test_time_off_replays_on_the_same_key; test_sync_cannot_write_time_off
backend/tests/test_business.py,9372caf plus backend audit fixes,5142,132,c712f3c711ea832113e3a57bed0e6bfbeed1b03558499a5cc1377ce07d213a93,Regression contracts for business,test-contract inventory; complete default-suite execution; relevant regression bodies traced,test_owner_updates_account_settings; test_partial_update_leaves_other_fields; test_owner_updates_brand; test_brand_rejects_invalid_values; test_brand_replaces_and_clears; test_staff_cannot_update_account; test_unauth_cannot_update_account; test_tax_registration_numbers_and_filing; test_bad_tax_numbers_are_422; test_setup_list_can_be_hidden_and_shown; test_staff_cannot_change_tax_settings_403
backend/tests/test_business_onboarding.py,9372caf plus backend audit fixes,3651,97,0dee7623ceea460458618c4b8438bdddc4cdb83122fe353acb3e1120bf286b62,Onboarding — atomic business + owner staff; the province drives the derived tax rates.,test-contract inventory; complete default-suite execution; relevant regression bodies traced,_auth; test_onboard_creates_business_owner_and_taxes; test_onboard_province_drives_taxes; test_onboard_owner_can_access_their_team; test_onboard_duplicate_slug_409_no_partial; test_unauthenticated_onboard_401; test_invalid_province_422
backend/tests/test_catalog.py,9372caf plus backend audit fixes,6707,177,30813b1b385cc60255982ab51c9a83d3f98fbb89942298ce1610d60788667509,"Catalog (items) endpoints + the business tax-rates list, against the seeded DB.",test-contract inventory; complete default-suite execution; relevant regression bodies traced,test_create_update_deactivate; test_update_unknown_item_404; test_foreign_item_404_by_scoping; test_tax_rates_list; test_staff_cannot_write_catalog; test_staff_cannot_deactivate_an_item_403; test_unauth_401; test_invalid_kind_is_422; test_negative_price_is_422; test_empty_name_is_422; _item; test_bulk_tax_class_is_audited_and_idempotent; test_bulk_tax_class_guards; test_staff_cannot_bulk_change_tax_class_403
backend/tests/test_catalog_plans.py,9372caf plus backend audit fixes,3734,98,9bf71105f9f1a25a4be1b49df4bcb574fb4f2c832df51ff233c22742249283cd,"Plan details on catalog items: the service a package covers, membership perks, gift amounts.",test-contract inventory; complete default-suite execution; relevant regression bodies traced,test_package_covers_a_service; test_membership_perks_and_gift_amounts; test_plan_fields_belong_to_their_kind_422; test_package_must_cover_a_bookable_item; test_package_cannot_cover_another_tenants_service; test_staff_cannot_set_plan_fields_403
backend/tests/test_catalog_products.py,9372caf plus backend audit fixes,20170,512,1c39489a8ff8e00db5510676160f9a5fd59813ccfe5a927be42dc3918d60f707,"Selling products: kinds, tax classes, stock, retail commission, receipts, sales by item.",test-contract inventory; complete default-suite execution; relevant regression bodies traced,_line; _paid_sale; _stock; _track; _fresh_product; test_new_items_are_bookable_online_by_kind; test_bookable_product_is_rejected_422; test_changing_a_service_to_a_product_unpublishes_it; test_database_refuses_a_bookable_product; test_tax_class_controls_bc_components; test_line_keeps_the_class_it_was_sold_under; test_entitlements_cannot_be_order_lines_422; test_entitlements_cannot_be_invoice_lines_422; test_another_business_item_is_not_a_line_404; test_product_fields_and_duplicate_sku_409; test_only_products_track_stock_422; test_restock_adds_once_per_key; test_restock_records_unit_cost_and_updates_the_cost; test_negative_restock_is_a_correction; test_restock_errors; test_staff_cannot_restock_403; test_paid_sale_moves_stock_once_and_full_refund_restores; test_partial_refund_keeps_stock_out; test_selling_past_zero_is_allowed; _commission; test_paid_sale_accrues_commission_on_products_only; test_refund_reverses_pending_commission; test_no_commission_without_a_retail_rate; test_sale_takes_its_items_currency; test_walk_in_pays_with_a_new_card; test_client_sale_charges_a_saved_card; test_pay_errors; test_pay_is_idempotent; test_paid_invoice_moves_stock; test_item_editor_fields_round_trip; test_item_fields_must_fit_the_kind_422; test_package_sale_expires_after_its_validity; test_sale_client_can_change_before_payment
backend/tests/test_clients.py,9372caf plus backend audit fixes,14249,340,683c883b9b4237dcbdd958bd93484251dd0f26832b3051963abf59ffbfc7e5f4,"The clients REST endpoints, end-to-end against the seeded DB.",test-contract inventory; complete default-suite execution; relevant regression bodies traced,_client; test_create_and_update; test_update_missing_returns_404; test_foreign_client_404_by_scoping; test_create_with_first_pet_consent_and_channel; test_update_records_consent_only_on_change; test_create_rejects_blank_name_and_bad_pet_422; test_archive_and_restore; test_staff_cannot_archive_or_merge_403; test_archive_many_is_idempotent_and_audited; test_archive_many_unknown_client_404; test_tag_many_adds_and_removes; test_tag_many_needs_a_change_422; test_bulk_endpoints_scope_by_business; _thread_with_message; test_merge_moves_records_and_threads; test_merge_refuses_self_money_and_saved_methods_409; test_staff_cannot_restore_403; test_tags_replay_on_the_same_key; test_archiving_an_archived_client_is_a_no_op; test_archive_and_restore_without_a_key_change_nothing_twice; test_merge_into_an_unknown_client_404; test_writes_need_a_session_401; _audits
backend/tests/test_command.py,9372caf plus backend audit fixes,5927,188,c0f956c9a57b18a9c9e524f26d63ec49a369cf88c3d8526727d3901a0d0b71c2,"The command() helper: atomic, audited, idempotent mutations.",test-contract inventory; complete default-suite execution; relevant regression bodies traced,_Out; _principal; _make_client; _audits; _clients; test_command_commits_and_records_audit; test_idempotency_replays_without_reexecuting; test_distinct_keys_execute_separately; test_same_key_different_action_is_independent; test_command_rolls_back_on_error; run; run; boom
backend/tests/test_consents.py,9372caf plus backend audit fixes,8823,215,96c91ef252a900737e15c5992269188b18939fd385409299966de00a3eff3118,Regression contracts for consents,test-contract inventory; complete default-suite execution; relevant regression bodies traced,_client; _consents; _text_in; test_export_lists_every_change; test_export_is_for_managers; test_export_leaves_out_other_businesses; test_preferences_page_reads_and_saves; test_one_click_unsubscribe; test_preferences_link_must_be_signed; test_implied_consent_lapses; test_stop_reply_blocks_texts_until_start; test_ordinary_replies_leave_consent_alone; test_stopped_client_gets_no_reminder_texts; test_preferences_are_rate_limited; test_a_deleted_clients_link_is_not_found; test_unsubscribe_without_a_channel_withdraws_both; test_export_needs_a_session; limited
backend/tests/test_contracts.py,9372caf plus backend audit fixes,5409,135,d09707f9ac62962007c57862ad6e57814c43f0c9aac873748554fa13c7f9d578,Regression contracts for contracts,test-contract inventory; complete default-suite execution; relevant regression bodies traced,_a_signature; test_send_creates_pending_and_notifies; test_send_unknown_contract_404; test_send_unknown_client_404; test_send_requires_admin; test_send_is_tenant_isolated; test_public_get_returns_context; test_public_sign_records_snapshot_and_ip; test_public_second_sign_409; test_public_decline_then_sign_409; test_public_unknown_token_404; test_public_get_is_rate_limited; limited
backend/tests/test_contracts_versions.py,9372caf plus backend audit fixes,8352,195,3ae579c7149e66ae1200fe395689a54e2e453ab96bf2e36a315729b0a7e8e495,Regression contracts for contracts versions,test-contract inventory; complete default-suite execution; relevant regression bodies traced,_send; test_create_a_contract; test_blank_contract_name_or_text_is_refused; test_new_text_is_a_new_version_and_signed_copies_keep_theirs; test_version_replay_publishes_once; test_unchanged_text_is_refused; test_staff_cannot_write_contracts; test_versions_are_tenant_scoped; test_resend_a_waiting_request; test_staff_cannot_resend; test_resend_is_tenant_scoped; _pending; test_opening_and_drawing_are_recorded; test_signing_needs_agreement_and_a_real_drawing; test_publish_to_an_unknown_contract_404; test_writes_need_a_session_401
backend/tests/test_derived.py,9372caf plus backend audit fixes,3250,88,4ef8a1f0c2289447253d191d2a409b6f13b4404cbdaa28e95ae17add0fea5b55,"Values that are read rather than stored: estimate expiry, a spent gift card, package use.",test-contract inventory; complete default-suite execution; relevant regression bodies traced,test_a_sent_estimate_past_its_date_reads_expired_and_cannot_be_accepted; test_a_spent_gift_card_reads_redeemed_and_is_not_swept; test_a_session_worth_nothing_still_counts_as_used
backend/tests/test_earnings.py,9372caf plus backend audit fixes,12124,345,c1e072e6554c3373f96da4f0f1c52aaf06d54710bfb6662a095b978d68ea9490,"Staff earnings on the ledger: accrue on a paid invoice, approve, pay; Stripe payouts.",test-contract inventory; complete default-suite execution; relevant regression bodies traced,_seed_id; _paid_booking; _journals; _earning; _payable; test_percent_payee_accrues_on_paid_invoice; test_hourly_payee_accrues; test_fixed_payee_accrues; test_non_payee_accrues_nothing; test_approve_then_pay_moves_payable_to_bank; test_refund_reverses_pending_earning; test_refund_leaves_approved_earning; _payout_event; _balances; test_payout_paid_posts_then_failed_reverses; test_payout_for_unknown_account_is_ignored
backend/tests/test_earnings_bulk.py,9372caf plus backend audit fixes,6786,146,6a0c823788618fc40bb4b725c5fbaa7fb6e8e8205b21ab49d7f6c717bb1aa4b3,"Approving and paying several staff earnings in one command, all or none.",test-contract inventory; complete default-suite execution; relevant regression bodies traced,_earning; _status; test_approve_then_pay_several; test_one_not_ready_moves_none_409; test_empty_list_422; test_unknown_earning_404; test_other_business_earning_404; test_staff_cannot_approve_403; test_unauthenticated_401; test_replayed_approval_posts_once; test_repeated_ids_count_once; test_approving_twice_409; test_paying_a_pending_earning_409; test_staff_cannot_pay_403; test_other_business_earning_cannot_be_paid_404; test_replayed_payment_pays_once
backend/tests/test_entitlements_cash_sales.py,9372caf plus backend audit fixes,4186,103,0d445152b09b5b61f8c9b2203d32e0433967edc7701124df34306a5d864f01f3,"Packages and gift cards paid in cash at the desk: settled on the spot, no Stripe needed.",test-contract inventory; complete default-suite execution; relevant regression bodies traced,test_cash_package_is_active_with_its_value_deferred; test_cash_gift_card_is_active_with_its_balance; test_cash_and_card_together_are_refused; test_staff_cannot_sell_for_cash; test_foreign_client_is_not_found; test_same_key_sells_once; test_cash_package_refund_is_by_hand_and_voids_it
backend/tests/test_entitlements_gift_cards.py,9372caf plus backend audit fixes,16402,440,29a62b3c4f7cde56293b40129eec5f56b36ec9fd58d8b4b74c38cc80bf33f0ce,"Gift-card purchase (charge now, grant on settlement) + redeem, against the seeded DB.",test-contract inventory; complete default-suite execution; relevant regression bodies traced,_active_card; _gift_item; test_purchase_off_session_creates_pending_card_and_payment; test_purchase_settles_active_and_notifies_recipient; test_settle_redelivery_activates_once_and_notifies_once; test_redeem_before_activation_409; test_purchase_interactive_returns_client_secret; test_purchase_by_item_uses_item_price; test_purchase_not_onboarded_409; test_purchase_requires_purchaser_422; test_purchase_requires_amount_or_item_422; test_purchase_negative_amount_422; test_purchase_unknown_purchaser_404; test_purchase_zero_price_gift_item_409; test_purchase_non_gift_item_409; test_redeem_partial_then_balance; test_redeem_unknown_code_404; test_redeem_over_balance_409; test_redeem_zero_amount_409; test_redeem_to_zero_marks_redeemed; test_staff_cannot_purchase_403; test_staff_cannot_redeem_403; test_other_business_code_404; test_code_collision_409; test_idempotent_purchase_replays; test_distinct_keys_purchase_twice; test_refund_voids_settled_gift_card; test_refund_partially_redeemed_gift_card_blocked; test_redeem_replays_on_the_same_key; test_writes_need_a_session_401
backend/tests/test_entitlements_packages.py,9372caf plus backend audit fixes,11678,295,d4a350b3d178c14c0ee2da9f2c273cd0442a827f33dc3c9a346c27e22c1f5b09,"Package purchase (charge now, grant on settlement) + session consumption, vs the seeded DB.",test-contract inventory; complete default-suite execution; relevant regression bodies traced,_package_item; _active_package; test_purchase_off_session_creates_pending_package_and_payment; test_purchase_settles_to_active; test_consume_before_activation_409; test_purchase_then_settle_then_consume; test_purchase_interactive_returns_client_secret; test_purchase_not_onboarded_409; test_purchase_unknown_item_404; test_purchase_unknown_client_404; test_purchase_non_package_item_409; test_purchase_package_without_sessions_422; test_consume_unknown_404; test_consume_to_full_marks_used; test_consume_active_but_exhausted_409; test_staff_cannot_purchase_403; test_staff_cannot_consume_403; test_other_business_package_404; test_idempotent_purchase_replays; test_distinct_keys_purchase_twice; test_refund_cancels_settled_package; test_consume_replays_on_the_same_key; test_writes_need_a_session_401
backend/tests/test_entitlements_subscriptions.py,9372caf plus backend audit fixes,25061,689,8b1fae246710ead5f49feb4396e05666f6973a15e0922a9715644cc52d72e82b,EFT/PAD + recurring subscriptions: command surface + Stripe subscription webhooks.,test-contract inventory; complete default-suite execution; relevant regression bodies traced,_sub_item; _new_client; _saved_method; _body; test_create_subscription_happy; test_second_subscription_reuses_cached_price; test_subscription_price_is_tax_inclusive; test_same_idempotency_key_creates_one_subscription; test_duplicate_active_subscription_conflicts; test_cancel_subscription; test_cancel_already_canceled_conflicts; test_create_with_non_subscription_item_409; test_create_missing_interval_422; test_create_unknown_payment_method_404; test_staff_cannot_create_subscription; test_cancel_cross_tenant_404; test_pad_setup_intent_returns_client_secret; test_pad_setup_requires_onboarding; test_staff_cannot_pad_setup; test_acss_debit_records_bank_eft_mandate; _sub_event; _seed_sub; test_subscription_updated_flips_status; test_invoice_payment_succeeded_records_payment; test_recurring_charge_taxed_and_in_gst_report; test_invoice_payment_failed_sets_past_due_and_notifies; test_subscription_deleted_notifies_client; test_unknown_status_maps_to_past_due; test_map_subscription_status_unknown_is_past_due; test_paid_invoice_without_a_visible_intent_is_retried; test_zero_amount_invoice_records_nothing; _active_sub; test_create_without_stripe_connected_409; test_create_unknown_or_foreign_client_404; test_create_unknown_item_404; test_staff_cannot_cancel_subscription; test_writes_need_a_session_401
backend/tests/test_files.py,9372caf plus backend audit fixes,1851,47,edf51759e523286295ce2d862311c32228cbd2bbdb974ec09f513a72d8b61dea,Regression contracts for files,test-contract inventory; complete default-suite execution; relevant regression bodies traced,test_create_returns_presigned_upload_url; test_create_defaults_content_type; test_any_member_can_create; test_create_requires_auth
backend/tests/test_files_media.py,9372caf plus backend audit fixes,2905,69,d49ec272a600cf8fa4c8549fd4a67b50caf3f10a1615184671ce6005a7490aa7,"Public media: business logos and item images only, uploaded by an owner or admin.",test-contract inventory; complete default-suite execution; relevant regression bodies traced,_image; test_item_image_redirects_to_storage_and_shows_on_the_booking_page; test_uploaded_logo_becomes_the_public_logo; test_logo_must_be_an_uploaded_logo_404; test_staff_cannot_set_public_images_403; test_public_image_for_another_business_item_404; test_client_files_are_never_served_publicly
backend/tests/test_flows_billing.py,9372caf plus backend audit fixes,8751,236,c9c91714df9df04e2f96a2c1aea732353ecfdb0e625abc7954db59eb1ae41cbb,"Billing flows: estimate to refund, Interac, disputes, payouts, remittance, and subscriptions.",test-contract inventory; complete default-suite execution; relevant regression bodies traced,_sent_invoice; _set_aside; test_estimate_to_invoice_partial_pay_and_refund; test_interac_request_is_matched; test_dispute_opens_and_is_won; test_payout_paid_then_failed; test_remittance_files_the_tax_payable; test_subscription_start_and_recurring_invoice
backend/tests/test_flows_booking.py,9372caf plus backend audit fixes,7871,221,ec70bd54498eaaafbd9603b230995bd888daa18be5d5b3ed70fb67a58c5cc84b,"Booking flows: an online booking from deposit to T4A, a no-show, and a recurring series.",test-contract inventory; complete default-suite execution; relevant regression bodies traced,_t4a; test_online_booking_from_deposit_to_t4a; test_no_show_forfeits_the_deposit; test_recurring_series_create_and_cancel
backend/tests/test_flows_business.py,9372caf plus backend audit fixes,1806,48,05a7eccb2c00494f83bf4430454295c0b11b251d7b76ea71e62ffc22a312cf55,"Sign up, open a business, invite a teammate, and the teammate joins.",test-contract inventory; complete default-suite execution; relevant regression bodies traced,test_sign_up_onboard_invite_and_accept
backend/tests/test_flows_catalog.py,9372caf plus backend audit fixes,1477,40,20ab3b8346f8d3f53097acffefaf22e01489b8d53e3e3f22d828bdb05fd46c43,"Create, edit and archive one catalog item of every kind.",test-contract inventory; complete default-suite execution; relevant regression bodies traced,test_create_edit_and_archive_each_kind
backend/tests/test_flows_engagement.py,9372caf plus backend audit fixes,5426,129,11a2c7dbfa01be10dfd287f1a3cec2085227c1c81580e8377cf7ed1cf47f53aa,"Client engagement flows: forms, contracts, reviews, messages and broadcasts.",test-contract inventory; complete default-suite execution; relevant regression bodies traced,_client; test_form_is_sent_and_answered; test_contract_is_sent_and_signed; test_review_is_requested_submitted_answered_and_hidden; test_messages_and_broadcasts
backend/tests/test_flows_reporting.py,9372caf plus backend audit fixes,5785,134,8cd73dea9fdd4076cf91c04c67894e53e905b0905d9f42ea699153a12403fcb5,Reports and the dashboard move by exactly what a paid visit adds.,test-contract inventory; complete default-suite execution; relevant regression bodies traced,_reports; test_report_totals_follow_a_paid_visit; test_dashboard_figures_follow_an_invoice
backend/tests/test_flows_sales.py,9372caf plus backend audit fixes,6785,177,bb5555354ebfdf8d839e8910ee11dd6f929e739a98451d7390e391d3660f0a53,"Selling flows: a POS sale with stock and commission, a package, and a gift card.",test-contract inventory; complete default-suite execution; relevant regression bodies traced,_line; _stock; test_pos_sale_moves_stock_pays_commission_and_refunds; test_package_sell_consume_and_expire; test_gift_card_sell_redeem_and_expire
backend/tests/test_flows_sync.py,9372caf plus backend audit fixes,1656,48,ba18c1605cdc2f5b56b146f1d643f9f1676776215656e5708f244da983601655,"Every sync-writable table accepts a PUT, a PATCH and a DELETE from the device.",test-contract inventory; complete default-suite execution; relevant regression bodies traced,_writes; test_sync_upload_writes_each_policy_table
backend/tests/test_forms.py,9372caf plus backend audit fixes,6745,166,f0387409de415f23218fca4fa28a24d57a757811d1a784ab34534227a4fe4c66,Regression contracts for forms,test-contract inventory; complete default-suite execution; relevant regression bodies traced,_a_response; test_send_creates_draft_and_notifies; test_send_retry_notifies_once; test_send_unknown_form_404; test_send_unknown_client_404; test_send_requires_admin; test_send_is_tenant_isolated; test_public_get_returns_form_and_fields; test_public_submit_fills_response; test_public_second_submit_409; test_public_missing_required_422; test_public_unknown_token_404; test_public_upload_attaches_a_file_to_the_response; test_public_get_is_rate_limited; limited
backend/tests/test_forms_editor.py,9372caf plus backend audit fixes,12203,303,f09fc57fe5b2074d01140b32b44a07e1ed0ed6acc4dafd5664fbf692f07ac4ca,Regression contracts for forms editor,test-contract inventory; complete default-suite execution; relevant regression bodies traced,test_create_a_form; test_create_replays_on_the_same_key; test_edit_keeps_answer_keys_and_drops_removed_questions; test_choice_questions_need_two_choices; test_staff_cannot_edit_forms; test_edit_is_tenant_scoped; _response; test_upload_limits; test_opening_the_link_is_recorded; _book; test_intake_goes_once_to_each_new_client; test_manual_forms_are_not_sent_by_the_job; test_a_blank_question_label_is_refused; test_a_blank_form_name_is_refused_and_a_padded_one_trimmed; test_edit_unknown_form_404; test_editor_needs_a_session_401; _intake_responses; test_inactive_forms_are_not_sent_by_the_job; test_canceled_or_deleted_first_bookings_get_no_intake; test_another_business_form_never_reaches_our_client
backend/tests/test_harness.py,9372caf plus backend audit fixes,3919,112,0294f14b0763e435892516dc6af531cda0f2e039a29621e7bfcd3c9798c8e4b4,Regression contracts for harness,test-contract inventory; complete default-suite execution; relevant regression bodies traced,test_isolation_writes_marker; test_isolation_marker_rolled_back; test_factory_builds_scoped_rows; test_auth_clients_resolve_principal; test_unauth_rejected; test_fake_email_records; test_prod_requires_real_secrets; test_health; test_new_id_has_prefix; test_sync_token_dev; test_unhandled_error_still_carries_cors_headers; broken
backend/tests/test_integrity.py,9372caf plus backend audit fixes,3262,74,c111637c665b828e46541225cafe438cfbd63dbb7df35d04cfcd1856d1e4ce3f,"The database refuses values outside each column's vocabulary, and the API returns 422.",test-contract inventory; complete default-suite execution; relevant regression bodies traced,test_database_refuses_values_outside_the_vocabulary; test_client_status_outside_the_vocabulary_is_422; test_file_parent_outside_the_vocabulary_is_422; test_sync_hours_with_an_unknown_basis_is_422
backend/tests/test_jobs.py,9372caf plus backend audit fixes,10989,305,a0a2b7d290e9a49f58b4f9dc42f4463699e56787d18660b1ee0131a78b28024a,Regression contracts for jobs,test-contract inventory; complete default-suite execution; relevant regression bodies traced,_notifier; _an_item; _status; test_overdue_sweep_flags_and_notifies; test_overdue_sweep_is_idempotent; test_overdue_sweep_is_multi_tenant; test_prune_stale_devices; _completed_booking; test_review_requests_for_recently_completed; test_review_requests_skips_already_requested; test_review_requests_skips_non_completed_and_stale; test_expiry_sweeps_lapse_only_past_rows; _service_jobs; test_the_worker_schedules_every_service_job
backend/tests/test_ledger.py,9372caf plus backend audit fixes,7249,192,fe55ea2f40b952fad40ab551b246378f1c203303167795327adbf9fde961a5d9,"The ledger core: balanced, idempotent, append-only journals with cached account balances.",test-contract inventory; complete default-suite execution; relevant regression bodies traced,_sale; _receivable; _revenue; test_post_writes_balanced_legs_and_caches_balances; test_post_accumulates_on_existing_accounts; test_unbalanced_journal_is_rejected; test_zero_legs_are_dropped_and_an_empty_journal_is_skipped; test_repeated_ref_replays_the_original_journal; test_reverse_negates_a_journal_once; test_reverse_of_unknown_journal_is_a_noop; test_subject_balance_sums_one_kind_per_entity; test_currencies_keep_separate_accounts; test_balances_and_journals_are_tenant_scoped; test_entries_are_append_only; test_database_rejects_an_unbalanced_journal
backend/tests/test_ledger_breakage.py,9372caf plus backend audit fixes,6149,194,5b82aad0d37b942788d184005712d55901f42461fc853aa9e4da63f9d76d1eb8,Breakage: the unspent balance of an expired gift card or package is recognized as revenue.,test-contract inventory; complete default-suite execution; relevant regression bodies traced,_card; _package; _revenue; _breakage_legs; test_expired_card_unspent_balance_becomes_revenue; test_expired_package_unused_deferred_becomes_revenue; test_breakage_posts_once; test_fully_spent_card_posts_no_breakage; test_unexpired_card_is_left_alone; test_breakage_books_to_the_card_owner_business
backend/tests/test_ledger_jobs.py,9372caf plus backend audit fixes,2039,57,00aece07842e8b360f7f6867b44bc1a84559e7f1590b6516ceda25ea4593fdcc,"Nightly reconciliation: the ledger's Stripe balance against Stripe's, per connected account.",test-contract inventory; complete default-suite execution; relevant regression bodies traced,_connect; _drifts; _ledger_stripe; test_matching_balance_records_no_drift; test_mismatch_is_audited_with_both_figures; test_unconnected_business_is_skipped
backend/tests/test_messaging.py,9372caf plus backend audit fixes,13733,401,6a10d711ba3feec0a3f3b431c756fd36bf44bf851a209d32850b4dab2e910b65,Regression contracts for messaging,test-contract inventory; complete default-suite execution; relevant regression bodies traced,_active_client; _agree_to_texts; _client_with_contact; _thread_for; test_send_sms_records_out_message; test_second_message_reuses_thread; test_send_email_path_as_staff; test_missing_contact_is_422; test_unknown_client_is_404; test_failing_sender_marks_failed; test_send_is_idempotent; test_broadcast_fans_out; test_mark_thread_read_zeroes_unread; test_mark_unknown_thread_is_404; test_thread_tenant_isolation; test_send_to_foreign_client_404; test_staff_cannot_send_a_broadcast_403; test_broadcast_excludes_other_business; test_broadcast_audience_tag_filter; test_schedule_broadcast_does_not_send_now; test_run_due_broadcasts_sends_when_due; test_run_due_broadcasts_skips_future; boom
backend/tests/test_messaging_broadcasts.py,9372caf plus backend audit fixes,7768,218,366349391ee1e5f1b797f340f97185959def549f7c33b22fd26162add8d45e7e,Regression contracts for messaging broadcasts,test-contract inventory; complete default-suite execution; relevant regression bodies traced,_audience; test_broadcast_reaches_only_clients_who_agreed; test_email_broadcast_carries_a_signed_unsubscribe_link; test_broadcast_row_keeps_its_counts; test_blank_broadcast_name_or_body_is_refused; _scheduled; test_cancel_a_scheduled_broadcast; test_cancel_refuses_a_sent_broadcast; test_staff_cannot_cancel; test_cancel_is_tenant_scoped; test_cancel_unknown_broadcast_404; test_cancel_needs_a_session_401; test_the_job_sends_a_due_broadcast_and_keeps_its_counts
backend/tests/test_notes.py,9372caf plus backend audit fixes,4849,127,797db670b925d283d37fef7980c12b7eac0d4b2b668f705d93c599bf34d7373c,"Notes on a client or a pet: write, pin, edit, delete, and who may change them.",test-contract inventory; complete default-suite execution; relevant regression bodies traced,_note; test_note_lifecycle; test_note_on_a_pet; test_unknown_parent_404; test_blank_body_and_booking_parent_422; test_staff_change_only_their_own_notes_403; test_foreign_note_404_by_scoping; test_note_on_a_foreign_pet_404; test_requires_auth_401
backend/tests/test_notifications.py,9372caf plus backend audit fixes,17705,478,c84dcd292fd5415838632fff162f141f2d989a170749a18058b2e956cb8f1cb9,Regression contracts for notifications,test-contract inventory; complete default-suite execution; relevant regression bodies traced,test_reregistered_device_is_not_pruned; test_removed_member_gets_no_payment_push; _client_with_contact; _pay_and_settle; test_card_success_sends_receipt_and_push; test_no_contact_skips_client_channels; test_device_register_upserts; test_device_register_scopes_to_caller; test_push_target_is_business_scoped; test_device_register_rejects_bad_platform; test_receipt_is_english_regardless_of_locale; test_invoice_sent_carries_pay_link; test_interac_request_reaches_client; test_refund_notifies_client; _bookable_item; _booking_body; test_booking_create_notifies_client; test_booking_cancel_notifies_client; test_booking_reschedule_notifies_client; test_payment_failed_notifies_client; test_estimate_decline_notifies_business; test_booking_noncancel_patch_sends_no_cancel_notice; test_estimate_accept_notifies_business; test_failing_channel_does_not_500; boom
backend/tests/test_notifications_delivery.py,9372caf plus backend audit fixes,1786,49,e4dcf2f677cc59b525bba4872a68bbad82b3d033a66ac3202e53ddde4ba5136a,Real HTTP adapters must expose provider rejections to the delivery failure path.,test-contract inventory; complete default-suite execution; relevant regression bodies traced,test_delivery_checks_the_provider_http_status; respond; client
backend/tests/test_notifications_email.py,9372caf plus backend audit fixes,1228,36,6294289dadbf38d1b78f8c62a82d6945fce90dc50cf671bcb77665d658aff61d,The email adapter uses Postmark only when a token and from-address are both set.,test-contract inventory; complete default-suite execution; relevant regression bodies traced,test_unconfigured_email_is_the_console_no_op; test_email_swaps_to_postmark_when_token_and_from_are_set; test_token_without_from_stays_console
backend/tests/test_orders.py,9372caf plus backend audit fixes,10535,240,1828fda5f87d57406e08f168c888efdda193ff7633083efa327f3dde51a6bdce,Regression contracts for orders,test-contract inventory; complete default-suite execution; relevant regression bodies traced,_order_status; test_create_order_computes_totals; test_create_order_with_client; test_create_order_idempotent_replays; test_update_order_reapplies_totals; test_staff_can_ring_and_checkout; test_checkout_and_webhook_settles_order; test_checkout_empty_order_409; test_checkout_without_onboarding_409; test_void_flips_status_and_blocks_edit; test_staff_cannot_void; test_order_tenant_isolation; test_unknown_order_404; test_refund_order_payment_reverts_order; test_second_checkout_with_pending_409; test_update_after_checkout_409; test_checkout_same_key_mints_one_intent; order_count
backend/tests/test_orders_desk.py,9372caf plus backend audit fixes,13842,339,9940b588749db9e4d4edc01604bffb8b51c7b481e363865030a48b12be29e522,Regression contracts for orders desk,test-contract inventory; complete default-suite execution; relevant regression bodies traced,_cash; test_cash_pays_the_sale_and_gives_change; test_cash_is_idempotent; test_cash_needs_a_login_and_a_sale_of_this_business; test_another_business_sale_is_not_found; test_a_visit_on_the_sale_carries_its_deposit_and_reads_charged; test_voiding_a_sale_frees_its_visit; test_held_sales_list_open_desk_tickets_with_their_note; test_receipt_by_email_or_text_after_payment; test_a_paid_online_order_joins_the_pickup_queue_only_once_paid; test_staff_read_pickup_orders_and_lines_without_money; test_walk_in_gets_an_itemised_receipt; test_bad_receipt_email_422; test_held_sales_leave_out_online_void_and_other_business_orders; test_cash_on_a_sale_with_a_card_payment_open_409; test_cash_on_an_empty_sale_409; test_receipt_text_needs_a_full_phone_number_422; test_a_visit_on_one_sale_cannot_join_another_409; test_unauth_401
backend/tests/test_orders_discounts.py,9372caf plus backend audit fixes,6425,160,34505507527ba425b7ebdac80a3c887f4d5f3f2e4ad40abebe42881674a27556,Regression contracts for orders discounts,test-contract inventory; complete default-suite execution; relevant regression bodies traced,_sale; _owner_pin; test_staff_discount_within_the_limit_needs_no_approval; test_staff_over_the_limit_needs_an_owner_pin; test_the_limit_is_a_business_setting; test_an_owner_discounts_without_a_pin; test_pin_guessing_is_rate_limited; test_staff_cannot_set_an_approval_pin; test_an_owner_sets_an_approval_pin; test_an_approval_pin_needs_a_login; test_discount_validation; test_invoice_and_estimate_discounts_price_after_the_discount; test_the_pay_link_shows_discounts
backend/tests/test_orders_tips.py,9372caf plus backend audit fixes,10963,296,8f7d97cdb2947059f25c96bea95830e06b0ae2954db5a657dca5f3c804c75273,Regression contracts for orders tips,test-contract inventory; complete default-suite execution; relevant regression bodies traced,_tip_journals; test_discounted_taxed_sale_with_a_cash_tip_books_every_part; test_a_part_refund_returns_the_tip_pro_rata_and_the_last_returns_the_rest; test_a_tip_is_approved_and_paid_like_an_earning; test_a_manual_split_gives_the_whole_tip_to_one_person; test_tip_split_errors; test_card_tip_settles_through_the_webhook; test_pay_link_takes_a_tip_for_the_invoice; test_pay_link_refuses_a_tip_larger_than_the_bill; test_tap_to_pay_takes_a_tip_split_as_given; test_tap_to_pay_refuses_a_bad_tip_split; _order
backend/tests/test_payments.py,9372caf plus backend audit fixes,15574,372,e42b629f6bd836e73e687f6dfffa495ac906060400dbec4a1a70b5228a57bb5a,Regression contracts for payments,test-contract inventory; complete default-suite execution; relevant regression bodies traced,_pi_event; _provider_ref; _charge_saved_card; test_pay_link_creates_intent; test_succeeded_webhook_marks_invoice_paid; test_settlement_books_stripe_and_platform_fees; test_partial_payment_marks_invoice_partial; test_refund_credits_the_invoice; test_double_refund_rejected; test_refund_same_idempotency_key_replays; test_pending_payment_blocks_overpay; test_failed_webhook_marks_payment_failed; test_canceled_intent_frees_room; test_cannot_pay_when_not_onboarded; test_cannot_pay_void_invoice; test_staff_cannot_charge_a_saved_card; test_distinct_partials_same_amount_not_deduped; test_same_key_partial_is_deduped; _foreign_invoice; test_pay_foreign_invoice_404_by_scoping; test_refund_foreign_payment_404_by_scoping
backend/tests/test_payments_connect.py,9372caf plus backend audit fixes,6473,169,d5c71fc57a5c0b4b3d2a8459ec572c173c12703004b9832faeb93fb3d63a49a9,Regression contracts for payments connect,test-contract inventory; complete default-suite execution; relevant regression bodies traced,_reset_account; test_onboard_creates_account_and_link; test_onboard_reuses_existing_account; test_onboard_idempotent_key_replays; test_status; test_onboard_seeds_kyc_state; test_staff_cannot_onboard; test_unauth_cannot_onboard; _account_object; test_parses_a_full_account_object; test_derives_restricted_when_stripe_still_needs_things; test_reads_the_requirements_deadline; test_status_shows_deadline_and_available_balance; test_status_without_the_balance_when_stripe_fails; test_staff_cannot_read_connect_status_403; broken
backend/tests/test_payments_credit_notes.py,9372caf plus backend audit fixes,8484,231,df152e396129f70943fdb92892700d22baa0a41b8332be36a43317368d278090,"Refunds as numbered credit notes: reason, notify, the split preview and refunds made by hand.",test-contract inventory; complete default-suite execution; relevant regression bodies traced,_taxed_card_payment; _parts; test_part_refund_is_numbered_and_previewed; test_refund_without_notice_sends_nothing; test_cash_payment_is_refunded_by_hand; test_sale_credit_notes_use_the_sale_number; test_preview_rejects_a_bad_amount_and_reports_blocks; test_bad_reason_is_refused; _card_payment; test_staff_cannot_preview_or_refund; test_unauthenticated_cannot_preview; test_foreign_payment_is_not_found; test_same_key_refunds_once
backend/tests/test_payments_interac.py,9372caf plus backend audit fixes,5657,128,3ba7eee85da50f456376f1f4d18b81bda5885e5f26a1ec431dac8bab109644fd,Regression contracts for payments interac,test-contract inventory; complete default-suite execution; relevant regression bodies traced,_etransfer; test_request_interac_creates_pending; test_webhook_automatches_and_pays_invoice; test_underpaid_etransfer_does_not_match; test_unknown_reference_is_noop; test_bad_secret_rejected; test_staff_cannot_request_interac; test_duplicate_webhook_settles_once; test_overpaid_etransfer_matches_at_requested_amount
backend/tests/test_payments_interac_requests.py,9372caf plus backend audit fixes,5270,124,5b299d4392f5d693db8660055cc9278a58457e7a68f8f0039d15d28e5e42715b,"Interac requests from an invoice: amount, channel, expiry, and a new code replacing the old.",test-contract inventory; complete default-suite execution; relevant regression bodies traced,_invoice; test_request_by_text_with_expiry; test_new_request_replaces_the_waiting_code; test_pay_page_shows_the_waiting_request_until_it_lapses; test_more_than_the_balance_is_refused; test_bad_channel_and_expiry_are_refused; test_staff_cannot_request; test_unauthenticated_cannot_request; test_foreign_invoice_is_not_found; test_same_key_sends_one_request
backend/tests/test_payments_recorded.py,9372caf plus backend audit fixes,9490,263,9c0347ee55fb00481377247d70972c3b74096fa67c235d5960bef72162e0c885,Regression contracts for payments recorded,test-contract inventory; complete default-suite execution; relevant regression bodies traced,_pay; test_cash_part_payment_then_the_rest; test_cheque_and_etransfer_land_in_the_bank; test_charge_saved_card_opens_an_intent; test_card_needs_a_saved_card; test_card_needs_stripe; test_saved_card_only_for_card; test_more_than_the_balance_is_refused; test_tendered_must_cover_the_amount; test_future_date_is_refused; test_draft_void_and_paid_take_nothing; test_invalid_amount_and_method; test_staff_cannot_record; test_unauthenticated_cannot_record; test_foreign_invoice_is_not_found; test_same_key_records_once; test_no_receipt_when_not_asked
backend/tests/test_payments_refunds.py,9372caf plus backend audit fixes,16228,433,afbd8c7b13c99824a96652b30bcc5dde98da7f6a3ab466835638833366f0d0b4,"Partial and multiple refunds: credit notes on the ledger, guarded against over-refunding.",test-contract inventory; complete default-suite execution; relevant regression bodies traced,_settled; _paid_invoice; _invoice_net; _status; _refunds; _order_status; test_partial_refunds_unwind_revenue_and_tax_pro_rata; test_uneven_partial_refunds_clear_every_cent_of_tax; test_over_refund_and_bad_amounts_409; test_refund_replay_does_not_refund_twice; test_staff_cannot_refund_403; test_other_business_payment_404; test_order_stays_paid_until_fully_refunded; _entitlement_payment; test_gift_card_purchase_refunds_in_full_only; test_package_purchase_refunds_in_full_only; test_forfeited_deposit_refunds_in_full_only; _refund_event; test_stripe_side_refunds_record_each_object_once; test_failed_stripe_side_refund_records_nothing; test_stripe_side_refund_skips_one_we_already_recorded; test_used_package_cannot_be_refunded
backend/tests/test_payments_saved_cards.py,9372caf plus backend audit fixes,15507,445,98d508d6f117458fc2281029d808b4b8d68794a84063bd76d8b99008a8e20b51,Regression contracts for payments saved cards,test-contract inventory; complete default-suite execution; relevant regression bodies traced,_charge; test_setup_intent_returns_client_secret; test_setup_without_stripe_keys_is_a_clean_503_with_cors; test_setup_requires_onboarding; test_staff_cannot_setup; test_payment_method_attached_records_card; test_pay_with_saved_card; test_pay_with_unknown_saved_card_404; test_cannot_use_another_clients_saved_card; _pm_attached; test_payment_method_attached_is_deduped; test_payment_method_attached_unknown_account_noop; test_first_attached_card_is_default; _saved_card; test_detach_removes_row_and_calls_gateway; test_detach_unknown_card_404; test_foreign_client_and_method_404_by_scoping; test_set_default_flips_and_clears_siblings; test_staff_cannot_manage_cards; _invoice_row; test_off_session_card_declined_402; test_off_session_requires_action_402; test_pay_with_default_card; test_pay_with_default_no_default_404
backend/tests/test_payments_terminal.py,9372caf plus backend audit fixes,2071,55,698b93251cf8e2959c22773516ce1193a066800b8f7c358cfe42b454b3f1ee0b,Regression contracts for payments terminal,test-contract inventory; complete default-suite execution; relevant regression bodies traced,_set_account; test_connection_token_returns_secret; test_connection_token_requires_onboarding; test_staff_can_get_connection_token; test_connection_token_mints_and_reuses_terminal_location
backend/tests/test_public_booking.py,9372caf plus backend audit fixes,12772,333,3a3b480a5edea43e6c33cac9e9c2c888dda162e30bc0458ffe4544c2c4ac45c7,Regression contracts for public booking,test-contract inventory; complete default-suite execution; relevant regression bodies traced,_dt; _client; _body; _seed_session; test_services_expose_connected_account_when_onboarded; test_services_lists_only_online_bookable; test_services_expose_brand; test_services_bad_slug_404; test_slots_inside_hours; test_slots_exclude_overlapping_and_respect_buffer; test_slots_fully_booked_day_is_empty; test_slots_unconfigured_day_is_empty; test_slots_bad_item_404; test_slots_bad_staff_404; test_slots_bad_date_422; test_book_creates_online_booking_and_notifies; test_book_outside_hours_409; test_book_taken_slot_409; test_book_non_bookable_item_409; test_book_unknown_item_404; test_book_unknown_slug_404; test_book_requires_contact; test_book_deposit_required_returns_secret; test_book_find_or_create_reuses_client; test_slug_scopes_to_one_business; test_public_booking_is_rate_limited; limited
backend/tests/test_public_booking_online.py,9372caf plus backend audit fixes,8896,223,a1699f117d0901371e10cc758cf69e0e1f8dab9fc3aab3abdad944ed9c168723,Regression contracts for public booking online,test-contract inventory; complete default-suite execution; relevant regression bodies traced,_body; _policy; test_page_carries_policy_clock_staff_and_offers; test_hidden_staff_and_unoffered_products_drop_off_the_page; test_anyone_slots_name_the_person; test_days_count_openings_and_name_closures; test_lead_time_and_horizon_bound_open_times_and_booking; test_booking_keeps_pet_note_and_returns_a_manage_link; test_new_clients_wait_for_approval_when_asked; test_addons_must_be_offered_with_the_service; test_booking_replays_on_the_same_key; _days; test_days_refuse_unknown_slug_item_and_staff; test_days_refuse_a_service_not_bookable_online; test_days_validate_the_window; test_anyone_is_refused_when_every_member_is_busy; test_an_addon_over_stock_is_refused; test_a_short_idempotency_key_is_refused
backend/tests/test_public_brand.py,9372caf plus backend audit fixes,1202,37,1e492f2c44519600031ffffeca2c2131391d947cb51ecbb1e8ff502846344dbf,The public brand builder validates owner-set JSON before it reaches the customer client.,test-contract inventory; complete default-suite execution; relevant regression bodies traced,_business; test_valid_brand_passes_through; test_malformed_values_are_dropped; test_empty_brand_is_all_none
backend/tests/test_public_estimate.py,9372caf plus backend audit fixes,5368,138,81b664478c917f3437868d5eb874f4b9a03948038931efa4d84b61c26c45ce32,Regression contracts for public estimate,test-contract inventory; complete default-suite execution; relevant regression bodies traced,_line; _owner_email; _sent_estimate; test_page_shows_lines_and_unticked_addons; test_accept_with_an_addon_ticked; test_decline_with_a_reason_reaches_staff; test_answered_estimate_cannot_be_answered_again; test_expired_estimate_cannot_be_accepted; test_only_offered_addons_can_be_ticked; test_unknown_token_is_not_found; test_draft_has_no_public_link; test_reason_is_capped
backend/tests/test_public_manage.py,9372caf plus backend audit fixes,10396,262,d818926966799d8ca43c0ed150bd4918a3e8cc4fb1f3e5131ecec96cafcdc87c,Regression contracts for public manage,test-contract inventory; complete default-suite execution; relevant regression bodies traced,test_one_class_attendee_cannot_move_the_shared_session; _book; _slot; test_view_shows_the_visit_and_what_can_change; test_client_moves_their_visit; test_moves_stop_at_the_policy_limit; test_inside_the_cutoff_nothing_changes_online; test_moving_onto_a_taken_time_is_refused; test_self_service_off_refuses_changes; test_cancel_refunds_a_paid_deposit_once; test_cancel_without_a_deposit; test_unknown_token_404; test_unknown_token_404_for_days_and_reschedule; test_reschedule_replays_on_the_same_key; test_reschedule_outside_lead_time_or_horizon_is_refused; test_a_canceled_booking_cannot_be_rescheduled; test_a_deleted_bookings_token_is_not_found
backend/tests/test_public_orders.py,concurrent source-only,5334,137,a3bce5bb74557730dd6864d80b15ce2d7016a92bf44f23cef685772b22da9f38,Regression contracts for public orders,Concurrent feature source/contract review only; excluded from isolated runtime and migration checks,place; test_public_order_tracks_explicit_preparation; test_public_order_alerts_and_invalid_token; test_cancel_order_refunds_once_and_releases_stock; test_pickup_windows_validate_and_enforce_capacity
backend/tests/test_public_pay.py,9372caf plus backend audit fixes,11888,302,3ddfb01d5387b27783fc4683de8945a27c53c74fa90b91939bfbe82383c906b1,Regression contracts for public pay,test-contract inventory; complete default-suite execution; relevant regression bodies traced,_sent_invoice; test_send_sets_pay_token_then_public_fetch; test_public_invoice_by_token; test_unknown_token_404; test_public_pay_interac_creates_pending; test_public_pay_card_requires_charges_enabled; test_public_pay_card_returns_client_secret; test_cannot_pay_a_paid_invoice; test_card_double_submit_is_idempotent; _card_rows; _card_ready_invoice; _intent_event; test_card_attempt_after_cancel_or_failure_opens_a_new_intent; test_card_tip_change_supersedes_the_live_attempt; test_card_attempt_refused_while_the_payer_already_confirmed; test_interac_double_submit_reuses_reference; test_public_pay_is_rate_limited; test_pay_link_get_is_rate_limited; test_public_invoice_carries_the_document; test_public_invoice_names_who_a_tip_goes_to; limited; limited
backend/tests/test_public_shop.py,9372caf plus backend audit fixes,12791,317,448abd430b4240e6a409935585a57a0821d67def02a8be589c89b3f121ca8dcc,"The online shop (pay online, collect in person), booking add-ons, and invoicing a visit.",test-contract inventory; complete default-suite execution; relevant regression bodies traced,_key; _order; _enable; _settle; test_shop_lists_online_products_without_cost_or_sku; test_shop_hides_inactive_and_shows_out_of_stock; test_shop_unknown_slug_404; test_only_products_sell_online_422; test_order_is_online_for_pickup_and_taxed; test_order_replay_returns_the_same_order; test_order_needs_an_idempotency_key_422; test_order_refuses_items_not_sold_online_404; test_order_blocks_more_than_in_stock_409; test_order_needs_card_payments_on_409; test_paid_order_notifies_owner_and_client_with_pickup; test_staff_mark_an_online_order_ready_then_picked_up; test_pickup_only_for_paid_online_orders_409; test_booking_page_offers_add_ons_and_stores_them; test_booking_refuses_an_add_on_not_sold_online_404; test_invoice_for_a_visit_includes_its_add_ons; test_invoice_for_a_visit_replays_with_the_same_key; test_invoice_for_a_visit_errors; test_invoice_for_another_business_visit_404; test_staff_remove_an_add_on_from_their_own_visit; test_add_on_removal_rules; test_staff_cannot_remove_add_ons_from_another_members_visit
backend/tests/test_ratelimit.py,9372caf plus backend audit fixes,1690,53,a01e988d4e8374c74fce9cfc0f1ea38dfe5345382c8bf0f273c5df4f42799cc4,Regression contracts for ratelimit,test-contract inventory; complete default-suite execution; relevant regression bodies traced,_request; test_client_ip_prefers_forwarded_for; test_client_ip_falls_back_to_peer; test_sweep_prunes_aged_buckets; test_allows_up_to_limit_then_blocks; test_evicts_after_window; test_keys_are_independent
backend/tests/test_remittances.py,9372caf plus backend audit fixes,8182,210,5cafc60dad7fe6af597dcb9f8475614e2a5528cc33ec424411f836434d30e9ff,"Filing a sales-tax return moves the period's tax payable to the bank, once per period.",test-contract inventory; complete default-suite execution; relevant regression bodies traced,_taxed_invoice; _q1_tax; _set_aside; _remittances; test_filing_moves_tax_payable_to_the_bank; test_overlapping_or_refiled_period_409; test_period_with_no_tax_owed_409; test_period_ending_before_it_starts_422; test_staff_cannot_file_403; test_replayed_filing_posts_once; test_other_business_tax_is_not_filed; test_period_that_has_not_ended_is_422; test_two_businesses_can_file_the_same_period; test_remittance_is_tax_payable_on_the_ledger; test_staff_cannot_view_filings_403
backend/tests/test_remittances_returns.py,9372caf plus backend audit fixes,9925,235,27d015aad84f5a44ac53351b18cb243243fa581138901b27dac311c1b419bcde,"GST/HST and PST returns filed apart, with input tax credits, and the filing periods read.",test-contract inventory; complete default-suite execution; relevant regression bodies traced,_invoice; _balance; test_gst_with_credits_and_pst_file_apart; test_family_overlap_is_per_family; test_credits_above_collected_422; test_credits_on_a_provincial_return_422; test_filed_in_the_future_422; test_family_with_nothing_owed_409; _last_period; test_filings_list_periods_and_returns; test_monthly_filers_get_monthly_periods; test_staff_cannot_read_filings_403; test_unauthenticated_401; test_other_business_returns_stay_apart; test_replayed_return_posts_once
backend/tests/test_reports.py,9372caf plus backend audit fixes,15893,412,488c9587fbe4e3adb1eef16eeda7ac936d94c69d45a7a4ead7edc03308d51832,Regression contracts for reports,test-contract inventory; complete default-suite execution; relevant regression bodies traced,_income; _add_payment; _add_invoice; _add_order; _earn; _new_payee; test_rates_for_province_derivation; test_income_summary_nets_payments_and_refunds; test_gst_hst_return_splits_tax_by_code; test_gst_hst_return_includes_order_sales_net_of_refunds; test_gst_hst_period_bounds_use_business_timezone; test_t4a_sums_earnings_paid_in_year; test_t4a_csv_has_header_and_values; test_income_csv_returns_text_csv; test_gst_hst_csv_returns_text_csv; test_staff_forbidden; test_unauth_401; test_other_business_income_excluded; test_malformed_date_is_422; test_inverted_range_yields_empty_window; _paid_shampoo_sale; test_sales_by_item_report
backend/tests/test_reports_dashboard.py,9372caf plus backend audit fixes,5462,143,126d4bf2175704d0e1c1435acb622e0ab19accae5a583f93b30cce912a8f430d,Regression contracts for reports dashboard,test-contract inventory; complete default-suite execution; relevant regression bodies traced,_add_payment; test_summary_returns_three_money_figures; test_summary_excludes_other_business; test_today_revenue_counts_todays_succeeded_payment; test_awaiting_payment_counts_outstanding_balance; test_staff_cannot_see_dashboard; test_refund_today_reduces_revenue; test_old_payment_excluded_from_today; test_filing_date_only_when_tax_registered
backend/tests/test_reports_summary.py,9372caf plus backend audit fixes,7774,220,a70bfb9e916a8c96300c8934c402f8b0da67119f0fa9e366b84532ea8d9b8598,"One read of every report for a period, and the bookkeeper's ZIP of CSVs.",test-contract inventory; complete default-suite execution; relevant regression bodies traced,_sale; test_summary_reads_every_report; test_export_zip_holds_one_csv_per_report; test_every_kind_exports; test_pst_and_payout_csvs; test_export_without_reports_422; test_staff_cannot_read_or_export_403; test_unauthenticated_401; test_other_business_money_stays_out; test_period_with_nothing_reads_zeros
backend/tests/test_returning.py,concurrent source-only,10933,271,3012132cd3aa2639d0b4abf2867fd95b6e5c7350da89bb20f3a448a454f199d0,Regression contracts for returning,Concurrent feature source/contract review only; excluded from isolated runtime and migration checks,_client; _request; _verify; _book; test_mailbox_proof_reveals_only_verified_profile; test_unknown_and_ambiguous_addresses_have_same_request_response; test_bad_codes_lock_after_five_and_expired_codes_fail; test_destination_limit_is_case_insensitive_and_input_is_validated; test_challenge_and_session_are_tenant_bound; test_verified_booking_binds_client_and_pet_not_forged_contact; test_existing_pet_requires_proof_and_belongs_to_verified_client; test_changed_or_archived_identity_invalidates_proof; test_previous_completed_visit_is_available_only_after_proof; test_phone_only_regular_verifies_by_sms_and_phone_normalizes; test_phone_validation_and_nonexistent_phone_do_not_disclose_clients
backend/tests/test_reviews.py,9372caf plus backend audit fixes,8566,227,433fa44d5b09c86a0b631d8f54ad30dd8dd7edbc5c7403a84040da8e28ffe0cd,Regression contracts for reviews,test-contract inventory; complete default-suite execution; relevant regression bodies traced,_booking; _a_review; _a_request; test_request_creates_request_and_notifies; test_request_rejects_duplicate_open_for_booking; test_request_unknown_client_404; test_request_requires_admin; test_public_get_returns_context; test_public_submit_creates_published_review; test_public_get_marks_the_request_opened; test_moderation_ignores_a_review_not_yet_submitted; test_public_second_submit_409; test_public_bad_rating_422; test_public_unknown_token_404; test_public_get_is_rate_limited; test_respond_sets_response_and_timestamp; test_hide_then_publish_toggles_status; test_moderation_requires_admin; test_moderation_is_tenant_isolated; limited
backend/tests/test_reviews_moderation.py,9372caf plus backend audit fixes,6576,175,c97fb706d13a400bd59c6d5ded489e309013cbb0d1cc61f224de01c564cf1353,Regression contracts for reviews moderation,test-contract inventory; complete default-suite execution; relevant regression bodies traced,_request; _visit; _set_google; _status; test_low_rating_waits_for_the_owner; test_high_rating_publishes_and_offers_google; test_hold_setting_zero_publishes_everything; test_public_context_names_the_visit; test_review_settings_validate; _published; test_share_returns_the_google_link; test_share_needs_a_google_link; test_share_refuses_a_held_review; test_staff_cannot_share; test_share_is_tenant_scoped; test_share_needs_a_session_401
backend/tests/test_scoping.py,9372caf plus backend audit fixes,1955,56,e17f5900cca22b7b8af53c272e98ac0d9a2267543fd1c3efd3845ea50ce2b110,The tenant scoping helpers all apply the same business and soft-delete guard.,test-contract inventory; complete default-suite execution; relevant regression bodies traced,test_scoped_update_filters_business_and_soft_delete; test_scoped_update_omits_soft_delete_by_default; test_scoped_delete_filters_business; test_scoped_reads_isolate_business_and_soft_delete
backend/tests/test_security.py,9372caf plus backend audit fixes,607,16,e2dfdb285b99fd58771063f66fa3a056f174c7b80f9a5646c776fc95acf7f6d9,Unit tests for pure security/adapter helpers.,test-contract inventory; complete default-suite execution; relevant regression bodies traced,test_password_hash_roundtrip; test_console_email_sender_is_noop
backend/tests/test_staff.py,9372caf plus backend audit fixes,16073,374,a9b297ace8a749ac9832f9de693c10874515046d76c4586567bb74de6196e350,Staff invites — owner/admin create + email; invitee accepts → active staff.,test-contract inventory; complete default-suite execution; relevant regression bodies traced,_actions; test_owner_creates_invite_and_emails; test_staff_cannot_invite_403; test_cannot_invite_owner_role_400; test_staff_cannot_set_pay_403; test_foreign_staff_pay_404_by_scoping; test_accept_invite_activates_staff; test_accept_invite_for_existing_user_requires_their_password; test_accept_invite_grants_scoped_access; test_double_accept_409; test_accept_invalid_token_401; test_invite_is_audited_and_idempotent; test_accept_invite_is_audited; test_accept_expired_invite_401; test_team_lists_members_and_invites; test_staff_see_the_team_without_emails_or_invites; test_resend_invite_issues_a_new_link; test_revoke_invite_removes_it; test_change_role_and_remove_member; test_role_changes_are_guarded; test_staff_cannot_manage_the_team_403; test_team_endpoints_scope_by_business; test_owner_sets_staff_pay; test_staff_rate_is_held_in_the_unit_of_its_basis; _as_admin; test_an_admin_cannot_change_or_remove_the_owner_403; test_an_admin_manages_other_members; test_nobody_removes_themselves_403; test_resending_to_an_active_member_404; test_unauth_401
backend/tests/test_subjects.py,9372caf plus backend audit fixes,3286,84,5efd8725d7bdbbae0ef4ed8002237add994a4d3e9c19fb1dc46b961d82f5be3c,"Pets and other subjects on a client: add, edit, remove.",test-contract inventory; complete default-suite execution; relevant regression bodies traced,_client; test_add_edit_and_remove_a_pet; test_invalid_attributes_422; test_unknown_client_404; test_requires_auth_401; test_foreign_subject_404_by_scoping
backend/tests/test_sync_auth.py,9372caf plus backend audit fixes,2839,71,92e47c85a035846a01be9b70c08d54e880cd2fb23fa85fbdf9c6782512f7a975,"Sync identity + JWKS — /sync/token from session, RS256 public key + roundtrip, prod auth gate.",test-contract inventory; complete default-suite execution; relevant regression bodies traced,test_jwks_endpoint_serves_rsa_public_key; test_rs256_token_verifies_against_jwks; test_sync_token_minted_from_session; test_sync_token_tolerates_empty_bearer; test_sync_token_prod_requires_a_real_bearer; test_sync_token_rejects_malformed_token
backend/tests/test_sync_upload.py,9372caf plus backend audit fixes,13966,421,ff829e28879781cddb3b79d3eea1c5d1d09f9fe7a6554a7296a9650c3cca782a,"The /sync/upload write path, run as the demo owner over the seeded DB.",test-contract inventory; complete default-suite execution; relevant regression bodies traced,test_concurrent_put_cannot_overwrite_a_protected_row; test_staff_cannot_reassign_their_hours; test_owner_cannot_reference_another_business_staff; test_patch_uses_the_operation_id; _scalar; test_patch_with_only_an_ignored_id_is_a_noop; test_tables_written_by_commands_are_refused; test_rejects_server_only_table; test_rejects_broadcast_sync_write; test_rejects_minting_a_gift_card; test_rejects_foreign_business; test_command_only_table_rejected; test_rejects_cross_tenant_move; test_rejects_server_timestamps; test_rejects_writing_a_file; test_hours_recurring_put_and_delete; test_staff_sets_own_hours; test_staff_cannot_set_others_hours
backend/tests/test_tax.py,9372caf plus backend audit fixes,4047,118,34ae3f6d96c0670a7d488fc29d022de2bfe1843ffb922f066dded1ef558c9b61,"Golden tax cases — the pure engine, per province + edge cases. No DB.",test-contract inventory; complete default-suite execution; relevant regression bodies traced,test_bc_exclusive; test_on_hst; test_qc_qst_is_precise; test_qc_small_amount_rounds_half_up; test_ab_gst_only; test_ns_hst_14; test_inclusive_backs_out_tax; test_small_supplier_collects_no_tax; test_exempt_line_is_untaxed; test_multi_line_aggregates; test_per_line_rounding_half_up; test_federal_only_drops_provincial_components_per_province; test_exempt_class_is_untaxed_everywhere; test_mixed_classes_on_one_bc_bill; test_federal_only_inclusive_backs_out_gst_only
backend/tests/test_webhooks.py,9372caf plus backend audit fixes,19406,479,30b8095ec1930d6868ac93464a3db59caf4200122fbe74c93b7568ef68023257,Regression contracts for webhooks,test-contract inventory; complete default-suite execution; relevant regression bodies traced,_client_with_phone; _event; test_account_updated_enables_charges; test_account_updated_syncs_kyc_state; test_account_updated_golden_payload_syncs_state; test_payment_method_auto_updated_refreshes_card; test_refund_created_records_a_dashboard_refund; test_charge_dispute_alerts_staff; test_bad_signature_rejected; test_duplicate_event_is_noop; test_inbound_sms_creates_in_message; test_inbound_sms_redelivery_is_noop; test_inbound_sms_bad_secret_401; _intent_event; _pending_payment; _payment_journals; test_payment_that_succeeds_after_a_decline_is_settled; test_canceled_payment_is_not_settled; test_our_unrecorded_intent_is_retried_not_acknowledged; test_foreign_intent_is_acknowledged; _succeeded_payment; _dispute_entries; _dispute_event; test_dispute_inquiry_withdraws_nothing; test_dispute_withdraws_funds; test_dispute_state_follows_the_case; test_update_for_an_unknown_dispute_changes_nothing
backend/tests/test_webhooks_signing.py,9372caf plus backend audit fixes,3221,90,3225d803136741b0b81b43467c8c8c64cfe4296c88ae9fd200b06d14985392d3,The real StripeGateway accepts a correctly signed webhook and rejects anything else.,test-contract inventory; complete default-suite execution; relevant regression bodies traced,_gateway; _signed_header; _golden; test_accepts_a_genuinely_signed_account_event; test_accepts_a_genuinely_signed_payment_event; test_event_without_account_yields_none; test_rejects_a_tampered_payload; test_rejects_a_signature_from_the_wrong_secret; test_rejects_a_stale_timestamp; test_rejects_a_malformed_header
backend/uv.lock,9372caf plus backend audit fixes,325833,1671,f7563924311ae6d295a7347182fdb337d3e87960f3407980a1b27f9593a8f908,"Locked dependency graph, 68 packages; frozen install verified",configuration/dependency review,
docker-compose.yml,9372caf plus backend audit fixes,1841,52,fa0516b53371743da21f5687b10996b49eaf0f6d132a9e9b389af8227b018074,"Local Postgres/WAL, PowerSync, Redis, RustFS and stripe-mock",configuration/dependency review,
infra/powersync/powersync.yaml,9372caf plus backend audit fixes,1397,36,0f4b8e72616b451582dd04c21aa289920dbcb7aa72315fc344169627d4d07da2,Sync replication/storage and JWT verification service configuration,configuration/dependency review,
infra/powersync/sync-rules.yaml,9372caf plus backend audit fixes,7131,86,272aba7277b32d3da23a5924363e63703da3c5445cff1b97639912eb54ac16f8,"Shared, own-staff and manager replication authorization buckets",configuration/dependency review,
